volume_m3,slope_deg,potential_energy_MJ,plastic_energy_MJ_front,plastic_energy_MJ_rear,sleout_energy_max_J,impact_duration_s,rcforce_force_max_N,rcforce_impulse_Ns
3949,37,3252,778.9619123,705.8853029,30960000,5.312002182,20680772.58,6959641.116
914,53,978,121.4345935,160.2841866,6834000,4.041000128,16175849.42,2413003.466
4558,60,5269,770.0287951,492.9972611,18740000,4.780998945,23899646.67,5024943.451
3166,36,2545,778.2722696,527.0473981,19790000,4.395000696,18998790.04,4985195.611
4075,51,4247,781.2854832,717.04308,24010000,4.808999777,14840369.67,6380312.15
1389,45,1339,437.0178245,143.574287,8858000,4.459999085,22940276.38,2240965.622
5078,55,5573,773.9691239,577.9101238,19750000,4.22900033,21985321.35,5831543.102
1124,49,1160,284.8088497,248.5955874,9482000,4.493999958,20998830.17,1971535.19
3560,58,4037,771.952019,562.9224192,19900000,4.259999991,18256569.33,5189044.393
2188,52,2321,761.1883201,401.2321586,16650000,4.760000229,22878669.67,4533786.611
3106,56,3465,774.1655843,451.8328647,18660000,4.41499877,22522876,5302917.209
2184,59,2514,702.3863833,606.8305062,19170000,3.981002092,18376984.08,4381715.422
3683,39,3150,777.1451312,744.2589927,27800000,5.403998613,23767487.31,6160222.652
1961,33,1480,301.9669366,208.5511292,8602000,4.614999771,25920391.92,2174952.695
1077,40,927,124.4837027,88.70100913,4134000,3.769001007,25423135.35,1494661.102
1163,44,1095,155.0094031,154.2151163,5551000,3.975000143,23962593.05,1720151.613
3531,47,3495,769.5825008,669.6355526,22880000,4.195002079,21843861.56,6204841.151
4990,47,4927,769.0275852,716.6743099,23960000,4.845000267,18557165.67,6553637.306
2271,36,1822,264.5404087,315.8096534,9969000,4.237001181,26069893.5,2696176.99
2122,32,1549,371.5765332,183.0899124,9387000,4.889998913,25649075.6,2963169.254
1313,56,1440,345.9570135,305.3912096,11960000,4.258999825,16017383,2668957.484
2898,30,2009,574.7978745,284.5455872,13680000,5.095998764,21474993.83,3524669.527
1490,42,1352,136.589098,250.2761677,7110000,3.683001042,24026589.98,2235357.794
1215,42,1099,252.6584636,148.8643722,7086000,3.832999945,24854319.5,1833115.287
2658,33,2007,494.1118941,238.4095216,11460000,4.851998806,23132730.67,2808123.601
3501,34,2699,719.2472099,614.7649571,22140000,5.188001394,21851609.92,5580657.126
3759,54,4065,773.4111924,629.0620974,20580000,3.967999935,34966400.67,5675410.675
1650,31,1177,218.8364181,163.9414853,6416000,4.620999813,27070343.92,2097757.138
2293,43,2108,568.8111749,333.2683499,14410000,4.199999094,23767592.29,2975506.643
5235,30,3619,769.7474506,679.9863837,26150000,6.790999413,21627317.33,7148310.394
1172,36,939,188.476453,66.03562875,4430000,3.944999218,16158246.67,1311276.616
757,36,608,115.0007508,64.97892634,3224000,3.029000759,3676018.167,706520.2202
1445,42,1316,200.6170742,198.5436381,7031000,3.730000019,24637552.94,1964908.527
3419,57,3824,780.2427122,485.2935752,19700000,4.658000946,16538829.33,5108331.201
1969,43,1810,348.1740444,315.16107,11630000,4.724000692,25070517.79,3013037.201
2206,44,2068,491.1903906,391.6426235,14600000,4.338999987,18234680.76,2849288.788
1061,56,1188,297.5362596,162.3226628,9049000,3.998000145,15189353.33,2052717.651
4913,42,4449,771.8233912,728.1775693,30000000,5.964000702,27934949.33,7723854.52
1601,39,1361,209.4300431,199.1318235,6810000,5.016000986,24533000,2114713.709
1040,54,1147,185.0490803,201.4701636,8916000,4.257999182,16455366.64,2469898.458
1212,48,1213,247.661603,176.9717647,7621000,3.924998999,20339564.01,2172948.991
3461,60,3967,748.2803019,405.7019436,17830000,4.314998865,19051757.33,5341328.913
814,58,915,302.7204506,125.8524561,7166000,3.707000971,4015035.583,1547023.947
1807,48,1822,442.7626699,337.3076996,12990000,3.601000071,21781968.56,3022986.481
1371,60,1562,521.0953536,229.2800131,11180000,3.317999125,15210112,2150285.62
3627,38,3048,776.7190556,711.7316054,28640000,5.143999338,25874563.67,6030922.236
4746,46,4625,765.3676888,706.5331232,24630000,4.17000103,21428766.67,5698161.571
3628,60,4220,773.7292678,506.6634449,19260000,4.529000759,20361107.68,5155600.345
4587,55,5037,770.9925879,505.869682,19490000,4.292999029,22506627.5,5182119.397
1254,49,1273,418.7190761,142.8634463,9362000,3.35200119,19283621.83,1836953.578
2232,53,2387,344.5642221,427.1831018,14390000,4.051001072,18790001.67,3599810.779
3482,37,2880,693.9973101,693.4580897,21760000,4.387001038,20259506.77,5316596.044
2520,30,1748,237.7206418,204.4940193,8282000,5.611999989,25984398.67,3250674.963
3194,36,2560,725.5572143,561.4095362,20510000,5.188999176,24368241.65,4544137.029
1517,49,1564,363.7723667,318.4927764,11550000,3.236999989,22349753.33,2795163.407
3003,41,2675,737.3292646,506.3650633,20370000,5.048997879,17271653,4536583.105
2759,49,2805,746.5506741,530.0125581,18870000,4.077998877,17377191,5026446.938
3045,54,3288,770.1088577,579.1705386,19500000,4.314001322,19554721.33,4901698.527
5305,43,4911,772.0027217,689.8572592,23310000,4.416001082,20480517.96,6981062.354
1417,59,1595,428.1999108,239.2749808,13360000,3.861001015,13473369.33,3207189.163
3932,57,4405,725.4371977,638.4670884,10200000,5.048999071,76346563.96,5725042.154
3399,56,3778,677.061892,625.1413126,9409000,4.707001925,66821623.12,4660727.294
741,51,776,170.8799074,75.21484332,5405000,3.793998718,17157258.1,1284299.722
3165,37,2615,762.0510048,666.6266481,22120000,4.436998129,20055073.33,5159615.089
4710,48,4722,776.8163946,669.925576,24650000,4.428999186,16918032,6474498.462
4998,43,4628,779.1583953,738.8212921,29310000,4.906000137,48151209.33,7423139.119
2404,54,2625,744.0032249,333.3698627,16640000,4.11500001,17028548.13,4307720.135
1439,44,1350,271.6764289,206.0479711,8825000,4.864999771,24565898.67,2647975.046
3033,45,2908,779.544116,661.7870575,23120000,4.454999924,18039028.96,5713135.488
1386,46,1356,229.0848912,175.5812532,7893000,2.869998932,25653589.08,2011400.599
1387,50,1436,278.5081278,307.9840809,11720000,4.360999107,18294444.92,2368735.937
3508,53,3770,772.3499504,638.5203497,22600000,4.145001173,19936036.17,5473385.821
1394,43,1292,301.5211688,118.6297086,7024000,4.596999884,21367448,2178824.895
4389,55,4820,764.7560329,525.5215274,19120000,4.479999781,21190574.67,5161930.548
3065,42,2774,758.0695645,473.7347792,18700000,4.088000298,28094570.67,4603470.672
3545,48,3572,773.8161948,687.5583408,23830000,4.467000008,21391008.17,5498108.357
2304,40,2011,322.9702232,391.0862046,12820000,4.411999941,26875564.73,3307603.158
1390,49,1424,312.6781255,147.6020347,8968000,3.471002102,19193191.67,2347976.582
4541,33,3403,780.114628,683.1888063,24890000,5.022999763,20281625,6726081.985
3532,49,3601,775.4340567,711.0500359,22950000,4.166000843,27352764.17,5428884.237
1428,49,1441,219.8915315,174.3848964,8441000,4.776000977,22578401.9,2200926.255
1485,46,1447,265.0715937,219.2644764,8666000,4.490000009,16515019.4,2075163.207
5320,49,5409,762.56802,629.3383254,22410000,4.846999884,19208251.33,6787546.405
2987,46,2902,719.7399479,578.5405264,20790000,4.235001326,22324393.88,4900713.858
1375,51,1421,384.7638655,165.8451183,10590000,4.024000168,16568787.91,2111418.033
560,30,381,89.16375956,20.76625189,2095000,3.360999107,19327292.92,514822.4382
706,37,582,117.5491014,16.66826519,2732000,3.25,21668080,759379.145
2403,55,2660,700.8544935,643.9132499,21430000,4.31799984,26659366.67,5029603.894
2721,41,2432,366.2059997,532.5075479,16700000,4.396997929,25237638.4,3811095.042
3867,41,3446,777.5485248,702.3915065,29570000,5.608999729,31889582.08,6359565.106
1963,41,1737,365.5838142,150.9725435,8927000,4.612000704,25914042.59,2025855.758
2804,33,2088,450.2562041,373.3388708,12770000,5.396000862,22171208.38,3677993.618
4897,32,3571,767.9413425,688.2368902,30910000,5.865997791,15623257.17,8527573.87
4676,40,4088,771.2710005,722.2329821,27190000,4.952001333,19778467.25,7024311.314
633,31,451,48.91133108,50.75448898,1996000,4.109000206,27195634.67,666443.2596
1691,47,1693,363.206186,221.9906306,10670000,4.330000162,21571415.17,2737411.85
2829,42,2569,568.9085753,553.4447489,19540000,4.063998938,24541321.38,4654940.621
2084,34,1592,299.1259304,223.4494731,8239000,4.676999807,26919349.33,2695881.31
4813,45,4606,779.7966273,738.4366541,27260000,5.121000052,17985546.43,6586265.114
2901,57,3283,770.9118709,526.0294751,19170000,4.916999817,33212565.33,5019082.506
4740,39,4073,769.0324763,702.5675805,26090000,5.199999809,29517245.33,7017162.709
3964,55,4336,779.1062454,698.8120766,22110000,4.991999865,22950928.67,6499521.304
3509,51,3669,775.2465773,663.7571652,23470000,4.360998869,30581336,7434640.664
5073,54,5511,782.050245,660.9672121,22550000,4.324001074,24966384.39,6213780.379
3068,36,2481,763.807678,511.4581862,19920000,5.390999317,18474072.2,4321947.999
4205,51,4407,771.2373191,684.9576115,23030000,5.220999241,21119413.83,5189228.051
1297,59,1492,328.3305956,264.7222298,10210000,3.992998123,28550942,2803659.387
5336,31,3793,774.6715295,615.0543827,23020000,5.612999916,23214890.67,6719679.076
527,37,441,32.99721921,7.868287424,918100,2.679998875,18444473.33,192511.3344
5229,35,4115,554.7096814,311.655308,15580000,5.557001352,29465483.29,7862852.399
1893,58,2145,565.9543876,285.2251075,12850000,4.143000126,14623734.67,2771612.576
1179,50,1225,360.6559683,236.0831508,10240000,4.306999922,18444858.77,2390063.153
4740,60,5488,761.6983119,432.5525181,18900000,4.469000101,18642866.67,5793392.063
1147,50,1194,474.8376357,128.0629962,9726000,4.500999212,17583130.23,2069422.269
2372,49,2408,565.2735528,509.4139306,17130000,3.912000895,19715258.21,3917301.337
2693,43,2491,765.4557783,486.7553933,18970000,4.726999044,19016772.56,4741453
3543,35,2794,787.4290475,685.1861827,20040000,5.772001505,38296211.17,5646555.949
1106,31,794,74.3769213,80.83150479,3376000,3.865998745,25762541.33,1306177.239
627,52,655,118.7063954,39.99989715,3624000,2.964999676,4273916.333,663478.3992
4124,51,4305,778.392758,754.5085525,25260000,4.707001209,25527301.6,6603918.77
963,30,671,34.67656318,99.08944446,3014000,3.531999111,16003398.67,982643.7584
3031,36,2447,773.6853951,561.9606988,20290000,5.35700202,19258755.92,4683155.305
1564,55,1743,428.3592282,336.0507577,14110000,4.496000767,15772934.67,2872636.713
1514,32,1104,196.6370712,111.1152002,5359000,5.157000303,26385093.33,1569236.126
3992,33,3002,779.4088074,675.3980986,24640000,5.377000332,18928662.67,5894994.012
4285,40,3737,781.6539374,716.0530708,34860000,5.079999208,25448127.58,6749436.165
2170,40,1905,277.1479886,233.6787271,8814000,3.225001097,25599810.67,2077321.198
5105,36,4100,775.6542463,682.7225826,28930000,5.509999275,24393447.5,8063374.121
1236,53,1330,283.3771516,182.4970624,8398000,4.494000912,18879216.58,2096224.666
2925,47,2895,772.4135504,647.9339092,23180000,4.12300086,17336449.33,5365402.869
3539,32,2580,709.1325589,573.8148153,21780000,5.505999803,21164096,5351661.128
1485,54,1628,526.4551052,343.528258,14270000,4.376997709,17020931.92,3247379.192
3000,52,3175,723.2855696,531.0949648,21090000,4.462001085,18470989.79,5691650.442
3957,56,4391,780.4077259,610.6512782,22170000,4.525999785,17571225.33,5564114.319
2622,51,2733,649.1082841,578.1482836,19830000,4.343999863,17868942.98,4462983.143
3846,30,2667,774.3053863,503.2735612,20100000,6.066999674,20093817.33,5484859.048
2311,58,2598,662.9877233,372.4798015,16040000,4.329997778,15532068.58,3734424.047
3430,33,2575,756.7032136,606.3732792,22880000,5.904000282,22387375.13,5537959.747
506,57,560,162.7963753,33.68410458,4476000,3.513999939,13435484.63,738927.5268
860,34,667,111.8527662,52.70149916,2800000,2.953999042,25312175.27,881251.5527
2083,42,1897,386.8527199,424.8811793,14180000,4.214999914,25842511.27,3583536.356
4954,51,5172,771.2747686,676.322247,24860000,4.527999163,33253514,6722552.878
3865,54,4191,781.2845387,651.8463056,21480000,4.892998219,20507805.83,5203044.48
3876,32,2832,786.9559581,618.1349883,24120000,5.097000122,22572956.18,5868144.838
577,42,520,87.69210329,19.48842537,2152000,3.100000143,23581914.67,494730.9077
4682,36,3765,784.9041416,732.4029464,35910000,6.57999897,20496414.67,7436613.78
4552,39,3918,768.4669466,733.0351593,25690000,4.904998779,23813608.33,7025796.394
2018,41,1811,422.2615747,240.0277635,10400000,3.527998686,23854704.67,2233208.779
5173,38,4354,765.0053942,707.2664164,35710000,5.487998486,22787876.67,8116081.162
4816,48,4832,776.0484496,722.8089742,25240000,4.729999065,26607119.33,6381309.371
4893,51,5108,773.4776649,648.6373265,22140000,4.409000874,29680502,6427424.23
2789,54,3025,764.3351147,562.1214447,20010000,4.382000208,37318999.33,5604840.487
5257,46,5111,766.5415975,748.6268689,25780000,5.491000176,24925458,7767179.923
4538,60,5253,757.4429505,385.7294474,19540000,4.388001204,22225356.13,5361017.463
5349,33,4006,764.2072459,698.4610841,25740000,6.313000917,18820701.33,8144336.214
3724,50,3800,773.455764,699.0828754,23210000,5.156998158,25379011.67,6451963.591
4039,37,3318,779.6381399,754.1513308,26150000,4.946000099,19787484,6201084.817
4663,46,4538,774.9613376,699.7951386,26430000,4.4150002,31143736.86,6659454.185
4133,32,3030,780.2378087,703.6793114,26240000,5.939999819,22328729.33,7401741.809
1307,46,1279,421.1633598,191.2987194,10230000,3.795999289,16273078.67,2379602.017
2030,35,1605,428.4823978,293.1371736,10610000,5.473999739,25791394.75,2647446.412
3641,41,3246,743.8142749,606.5615245,23690000,4.687999249,22417101.58,5085412.17
3994,56,4421,756.8557536,593.2451673,20710000,4.919001103,17224922.67,4971156.428
4259,48,4260,785.5057575,735.7207672,29230000,4.87300086,18991438.33,6311881.317
3497,49,3560,775.6232541,662.9131894,22580000,4.289000988,22397827.58,5670250.412
5418,33,4062,434.5017303,327.1459614,13840000,6.794001102,37831243.94,8127623.692
555,46,542,50.52205417,90.91683313,3353000,4.258000851,26822452,1201908.528
4893,30,3385,772.9003433,706.7923236,25810000,5.548999786,18625800,7757421.316
1076,47,1082,277.1684646,173.1990621,7910000,3.375001192,6546639.208,1727119.07
1568,59,1800,482.1158127,278.0850406,11900000,4.090998888,16275785.85,2912148.773
3012,31,2137,779.5176414,397.1254112,17900000,5.393999577,19894299.5,3902601.738
3979,51,4150,749.083569,632.9178956,22880000,4.482000828,26601161.63,5773861.645
2200,60,2539,565.4233875,439.184598,15630000,4.073999882,18198015.27,3884336.506
3665,49,3735,781.3762904,740.0003742,26770000,5.022999764,20778164.08,6144291.579
966,38,809,159.5424138,117.4394291,4960000,3.246998787,26122149.31,1327000.202
4970,31,3539,759.3890589,655.0323658,23310000,5.495000839,23419413.33,7273529.609
4790,43,4425,772.5612035,733.8219356,24950000,5.078999996,34196461.33,7572197.053
1679,45,1629,353.8022071,221.6903003,9832000,3.99800086,23021162.17,2426981.065
3968,57,4480,774.3545254,620.4109699,21520000,4.963000774,16382390.79,5431583.779
1801,41,1614,379.7443103,326.6329162,11770000,4.693999291,25198035.87,3074351.477
3887,42,3531,779.5812788,713.4261992,32380000,4.983000278,21914726.33,6597041.499
2160,37,1764,337.5538649,247.2568029,9133000,4.886001349,25749762.42,2324946.5
2511,49,2565,577.3784143,561.4349711,20390000,4.162000179,20232628.21,5538665.836
2605,54,2819,603.6160016,438.7687762,17230000,4.343000889,15016644.08,4643387.033
4970,53,5330,776.1064683,698.6914877,22950000,4.478001118,18998422.8,5572259.504
1247,34,971,109.2250009,116.9490706,3803000,3.512999058,26118696,1113029.552
2766,43,2554,765.1884429,558.181199,19700000,4.153999806,19010653.33,4642016.211
681,32,494,75.32466292,26.24142313,1934000,2.824999332,22302300.38,617115.831
3600,55,3961,771.8637928,631.6688325,20030000,4.76599884,30931502,6342898.657
4242,47,4179,763.2507267,694.4895943,22790000,4.58500123,28920072,6715385.781
5197,34,3988,764.9852826,735.703187,26790000,5.325998306,21927958.33,7973924.009
1206,54,1310,328.0624394,252.1440226,9768000,4.409002304,16890194.31,2616186.762
2222,54,2421,678.0258889,606.3885774,20730000,4.356000662,18007208,4532302.464
2573,42,2315,617.6321708,530.0703084,18640000,4.644999027,31387778.67,4809199.477
3712,43,3439,779.3077201,701.0933291,31290000,5.068998814,378791626.7,71615424.45
1370,42,1238,269.6115245,155.8241216,7149000,3.724999189,16818037.33,1491063.08
759,57,853,307.4595959,58.2019943,6335000,4.658000708,4850241.667,1421895.425
5135,54,5558,759.2891973,632.9633106,22200000,4.773000956,23825810.67,6217073.855
1499,56,1670,423.6849737,293.3687163,7638000,3.778000116,36798126.89,2401801.977
5034,52,5335,770.3529705,641.5167523,21460000,4.058999777,25005880,6636788.39
1129,42,1049,171.6374626,185.4711234,6208000,4.783000946,24769440.95,1636167.489
4147,30,2872,727.4751092,581.6641406,22810000,5.982998609,19693198.67,6111537.425
5356,45,5127,729.7862389,676.1416518,23520000,5.04599905,39547862.67,7654421.561
5264,36,4235,763.5849665,724.6907334,33820000,5.806000233,22345898.1,7508246.622
3252,60,3771,763.1427195,456.6900844,19370000,4.270998955,23342201.58,5085742.409
1552,33,1150,202.5594627,167.7431588,6528000,5.347001314,25981364.86,2026492.462
1398,32,1007,193.1516159,118.3317709,5478000,4.154997826,3732688.167,1244689.623
4302,52,4564,769.1043372,675.9605727,23320000,4.722000122,23876469.33,6011333.911
3629,51,3801,775.752185,669.2061978,22810000,4.537000179,23014269.83,5696257.088
2012,44,1907,364.6549303,299.2886059,12250000,3.371999025,24203953.33,3089803.89
3908,32,2862,775.5834903,688.6084648,24660000,5.057000399,19525655.17,5178198.183
4526,55,4985,772.9955154,676.2770285,22900000,4.44900012,21512752.08,5145294.966
4794,60,5550,784.55754,502.8071901,18790000,4.233999014,25123098,5063963.287
3328,49,3385,754.8573151,700.8472788,25000000,4.605000973,16820675.25,6104024.092
4452,44,4174,766.9619686,658.147753,23460000,4.617001057,21497904.33,6843146.068
908,45,878,192.8528877,46.48117492,3725000,3.622000218,20353038.67,833873.2176
3896,55,4292,766.7303946,636.4199313,20360000,4.727999926,16196998.67,4684313.33
5155,41,4601,767.0014038,768.2215277,27530000,5.359000921,29170844,8030709.027
5354,32,3910,766.7662785,725.5811769,25610000,5.902998924,23718096,7072306.569
4123,48,4113,709.8215181,674.4580947,23110000,4.991999865,20744789.83,5414035.284
3743,41,3335,782.1259023,706.2360727,30780000,5.228000402,19686952.79,6337856.85
2261,50,2346,444.7345766,403.3185747,15690000,3.740998983,19573709.2,3514922.979
4961,55,5461,760.8640327,659.0563298,21020000,4.222999096,25872423.08,5489546.297
1864,36,1481,293.6400033,87.30340528,7122000,4.120000124,26319594.35,2093067.04
2613,32,1924,724.6675354,219.242411,15780000,4.835999966,24840992.33,3666322.807
1045,40,921,135.9176609,140.2857534,5222000,4.024001122,14471738.17,1248562.091
1123,52,1170,278.8884565,187.2215938,8279000,3.722000837,16497596.12,2131951.326
715,37,583,76.77863511,51.64880408,2428000,3.118000031,17993662.67,569066.0767
3231,58,3645,763.3687421,509.9666803,18380000,4.601001263,32096326.67,4746068.081
4147,31,2958,782.6131556,652.5966779,25670000,6.200999737,23845995.83,6174446.996
4985,46,4848,758.6988252,730.8243677,23730000,4.517001152,30790204.15,7467469.097
3855,53,4124,764.6014468,713.8310675,22760000,4.232000113,19831467,5613887.529
4001,38,3369,783.7378028,710.3938723,33580000,5.101998568,20013991.67,7126894.686
3156,52,3363,738.9302174,604.8120796,19530000,4.506999016,17899980.75,4944446.211
5427,52,5743,658.3203545,539.7879906,20830000,4.116000891,30548398.83,9912695.923
784,54,865,98.95170261,78.89284624,4802000,4.308998108,16744160,1220345.112
813,38,691,131.4695875,78.17895424,3860000,4.118000746,28667858.67,1305724.545
3477,34,2665,764.4294016,642.6749949,22010000,5.073000193,19980285.33,5309245.899
2922,57,3305,779.5822724,476.9620023,17450000,3.763999939,17802590.08,4096652.521
2429,50,2509,601.267336,585.3525278,16630000,3.989001989,18928919.54,4010459.364
3938,55,4327,769.9080594,623.5923454,19840000,4.870000124,16988185.17,5196935.951
554,49,568,88.64145059,45.22451921,2687000,1.953999996,3777797.771,378410.9623
5113,56,5669,768.4460742,594.027229,21010000,4.031000137,44890049.33,6248738.806
594,59,685,110.8436037,72.3970055,4966000,2.806999206,13238274.67,982746.437
2493,59,2855,743.2750019,489.9312085,18390000,4.562999964,17888714.5,3964159.567
2078,32,1514,326.8823184,220.4892543,9360000,6.264001369,25758349.33,3218435.676
972,32,706,133.9136386,92.15053257,4074000,5.328000546,5489824.333,892185.2672
4968,50,5115,778.746046,679.3699752,23950000,5.358999968,34519132,7068184.675
1652,36,1316,255.3838856,136.1224362,6808000,4.309999704,15876452.18,2255585.896
1603,36,1307,251.8937465,232.1605004,8129000,3.981001854,23439456,2227107.774
4881,54,5275,767.7606925,640.2803145,21400000,4.368999958,25536861.17,5795555.81
3338,34,2558,783.0206443,573.4534063,21150000,5.348999739,20890705.85,5139759.177
2902,59,3315,731.9971127,511.7671964,19500000,4.212000847,17126803.4,4165499.897
860,60,987,263.7569713,107.8051446,6183000,4.349999905,5624324.417,1125823.798
1124,34,861,131.9056269,80.92623561,3711000,4.237000227,25846282.74,1134756.253
2215,38,1861,420.0366948,371.5008934,12250000,4.724999905,24360785,3059286.441
2895,54,3147,773.365457,528.1362593,14390000,4.449998856,61249366.67,6167903.885
4218,50,4346,767.649195,572.8191993,21530000,4.383000135,19959630.17,5435387.924
797,44,756,68.3097988,86.18110171,3617000,3.662000179,21441224,946136.6253
4322,34,3311,778.4626169,697.9288931,33430000,6.050998926,20046777.71,6365139.492
2421,59,2774,768.8530141,410.7574084,16840000,3.981001139,20326071.67,3746423.139
2612,43,2418,670.1146127,515.6527707,19180000,4.392998934,25259581.33,4222751.595
933,35,742,123.8431079,110.8341965,4446000,4.366999149,19542869.18,1302410.611
4601,46,4473,776.1139029,699.1075176,33000000,4.978999853,271893013.3,65529387.08
3349,34,2575,755.9082008,537.8266994,20670000,4.704000473,21646366.25,5366868.957
4666,36,3755,785.8209379,697.7323572,30630000,5.825999975,20274805.25,6503322.56
4635,37,3820,789.0920524,711.1905097,33420000,5.216001034,202986082.7,7617750.947
3870,58,4399,780.9687614,643.5465925,22120000,4.390002012,23527843.17,5816273.61
1427,60,1666,435.10188,317.0204395,11940000,4.232000113,18935197.46,2863683.909
3331,52,3528,769.6408742,664.7741433,21950000,3.922999859,27453432.08,5994169.492
3443,55,3771,773.5176603,646.6758597,20730000,4.563999176,22473623.67,6442825.239
3003,43,2783,760.0016012,578.9219006,22960000,4.442000866,26351336.47,4407982.196
4171,39,3571,784.5732638,713.5036346,33410000,5.447999716,15878566.77,6325660.081
3601,48,3602,772.0981755,670.199776,23790000,4.306999922,17661461.54,4889345.651
2714,38,2287,676.3839801,509.0605691,18380000,5.090998888,25431715.97,4244125.647
1741,55,1902,434.7799028,499.5799567,14950000,3.802999973,17749253.83,3191195.624
4958,37,4089,759.1165932,727.1424222,35420000,5.753999949,16779765.25,7004346.274
4555,56,5049,772.3835771,687.5547231,21730000,4.974999905,22875886.79,7062021.372
2348,47,2318,674.9444649,418.4389798,17590000,5.081001043,19941009.67,4460866.724
1137,40,1002,68.61336669,94.73900915,3426000,3.871999025,23640689.47,1057703.491
4637,38,3904,777.5540309,747.6654087,28590000,5.258000374,28010120.67,6158704.88
3471,44,3251,782.939179,662.7652121,25120000,4.549999952,16784307.08,5833690.337
3295,55,3607,773.9496679,578.6338307,21400000,3.880999088,36853178,6160838.714
5399,44,5084,767.21061,710.1849924,25220000,5.592998743,21087245.33,7536934.485
3312,53,3553,778.4094783,652.4934585,21440000,5.262001753,19962680.33,5634156.5
4812,54,5211,771.4509182,566.5685841,20130000,4.634000063,22900900.35,5562930.481
3522,49,3570,779.2910269,728.5999575,24430000,4.782000065,18682281.33,6854394.721
1302,35,1036,189.2689462,85.94532068,5285000,5.182000637,24577544,1680786.173
2244,46,2191,547.0632339,498.3220876,17700000,4.719999075,22242103.75,3779771.223
3050,45,2911,773.0245621,635.2707926,21980000,4.346999168,25059755.29,5199465.103
4271,34,3291,778.9849882,723.427368,34310000,5.524998427,17785409.63,6614871.884
851,55,955,162.4816693,153.0150276,7289000,2.735998869,16075778.38,1624172.623
4121,54,4493,780.8187603,645.2276486,22000000,4.562999964,33423126.67,6297032.314
1709,33,1280,336.6090966,190.5464424,7900000,4.52300024,25290301.42,1766169.565
3440,36,2773,782.3989027,650.9493648,24570000,5.236001253,20776635.78,5839051.64
2425,51,2528,471.8618064,621.6037327,18970000,5.134997845,17621896.33,4475866.608
3091,44,2904,774.9198682,620.0301342,22650000,4.730000019,19055037.96,5533668.995
1831,42,1661,380.2061262,267.9310455,10770000,4.128000021,26681593.12,2545172.56
2946,58,3317,713.9081461,471.6124537,17960000,3.726999044,16279215.83,4586882.488
4100,40,3598,782.8167947,745.8212063,33170000,5.12399888,16230598.25,6315573.582
3978,55,4360,771.1585293,666.7223849,23830000,4.503000736,19650554.33,5518872.661
4102,56,4551,773.4801685,678.8349654,22810000,4.358000994,34352432,6654159.352
1865,51,1940,413.1901835,321.750163,13330000,4.149999142,18599377,3448379.146
5035,53,5413,772.8709377,635.754742,21730000,4.768999815,26156232,5645214.662
3136,33,2357,729.6989124,532.3454541,19980000,5.657998085,36669972,5361123.993
1904,46,1825,378.9046168,353.6884195,12580000,2.672000408,20430763.38,2874767.107
1549,50,1606,415.3136118,218.9725926,11030000,3.421999931,19332558.33,2963737.304
2402,53,2568,630.385831,556.511525,18900000,4.625000238,15509057.33,4604480.969
4737,56,5259,766.9649662,542.1478578,19770000,4.618999004,25748975.67,6301606.57
4366,32,3191,780.7434075,673.4494431,27380000,6.218000174,24043885.33,6240410.647
4152,37,3401,781.9474835,707.1137242,27850000,5.228999138,21593804.19,6700835.083
4589,48,4593,774.4805246,697.2228454,32270000,4.998001099,19001616,6522092.727
2738,53,2934,684.574381,586.8894926,20570000,5.001000881,15850576.25,4295208.826
1661,32,1213,180.0250676,188.2862441,6731000,5.720000744,26123856,2148690.882
1174,30,813,190.8371194,40.11501816,4353000,4.282999992,20929933.33,1581112.643
1373,37,1138,152.6317048,181.7013731,5503000,4.3560009,25508775.88,1628805.751
1375,43,1276,273.02654,155.5355395,7574000,4.479998827,26416770.83,2102477.302
1827,48,1817,333.1195218,293.8185805,11300000,4.626999855,18981393.67,2718352.42
899,46,884,92.08148843,77.27636155,3628000,2.377999783,23140720.23,1019312.268
4873,58,5527,763.1340802,492.6192214,19860000,4.53599906,19580195.69,5802998.98
5075,42,4609,769.3746814,698.833873,27320000,5.261999846,17977797,7104662.8
4688,59,5352,775.7132055,547.4842191,19420000,4.278999806,22800277.29,5171227.647
2704,50,2807,723.4292462,565.6573392,19390000,4.018000841,18980943.29,4779505.505
2301,44,2175,381.0704878,265.954528,11130000,4.986001968,25666920,2744732.073
3409,56,3771,765.2343715,476.5649794,19170000,4.533000946,30439886.67,5359944.431
3655,52,3875,779.7624946,635.0649627,22120000,4.101000071,23408931.33,6212344.815
2497,53,2676,759.2981155,424.8532137,17200000,4.290998936,26486623.33,3995973.685
4591,41,4096,764.3188806,715.1997463,26830000,5.007001162,37721800,7635080.218
1916,51,1990,502.2643735,405.4251711,13880000,4.436001301,18464264,3534127.985
4516,33,3378,777.4172825,705.9034122,29280000,5.77699995,30836410,7019026.32
2382,42,2167,718.6015412,466.129606,18010000,3.974001169,23034458.19,3790150.817
3952,38,3336,762.1175396,722.1446517,25940000,5.56599927,32951491.75,6877408.445
3936,38,3316,778.4044849,728.281745,33330000,4.929000378,18254746,6807282.425
2517,60,2907,767.7595595,444.629558,18590000,4.26300025,29968152.67,4617300.04
603,53,647,94.12020792,52.57704311,3615000,1.939001083,17866605.83,800072.9942
4207,52,4441,778.5350713,680.9181686,23640000,5.552999973,20444137.67,6728110.708
3022,35,2396,700.0932689,487.4349764,18650000,5.204000711,21443028.46,4651945.406
2718,57,3072,731.2495107,420.9923675,17260000,4.413000822,18258268.25,4941664.301
996,44,952,162.4346011,130.3456066,5512000,4.335000992,24289672.18,1212433.101
4645,43,4299,769.4006496,717.9567244,24830000,4.784000158,27464510,6585455.819
825,37,686,80.50802798,65.5491199,3293000,4.680999756,23881165.33,913571.3502
4652,37,3833,770.4402121,713.7568096,25320000,5.212002277,28219936.67,6605321.627
832,38,699,77.20822069,114.6341194,3965000,4.797000885,28495133.33,1267794.623
3381,45,3235,782.7057476,698.723727,24830000,5.265001059,26191003.33,6184577.746
2109,53,2281,619.7356031,392.8599777,16630000,4.549999952,15629457.33,3619599.741
1358,51,1422,430.820055,176.3084673,10360000,4.174001932,17542106.67,2375325.201
3482,57,3875,775.2740237,624.186362,20550000,4.838999987,18436641.83,5179975.022
673,48,689,117.5615033,65.34256955,3341000,3.422001124,17428741.19,940579.3067
860,31,615,57.33809926,62.0839989,2819000,5.357000351,26378157.04,1140985.338
3231,55,3562,779.4973954,576.662831,19600000,4.44099927,27133622,5130781.453
1761,44,1661,518.3879761,260.3269931,12650000,5.004001141,23128592.58,2745593.023
2932,34,2248,641.0940449,477.4556063,17760000,5.294000149,18660323.37,4106536.819
2434,49,2475,694.244602,531.7563209,18090000,3.093002081,17808923.08,3703675.583
3931,46,3837,782.7162997,686.874929,24270000,4.434001207,32697992.67,6932629.625
2465,57,2795,654.5906264,338.5189004,14810000,4.072999954,17568074.67,3927815.106
1920,36,1563,363.4882389,206.0092864,9014000,4.289999962,26933889.28,2182254.652
856,45,823,165.0754415,81.85576503,4495000,3.059001207,21880257.31,1394027.064
1625,53,1741,395.2944434,292.2829379,11800000,4.215001106,16740503.33,2720613.211
503,38,424,84.15043535,27.89033856,2293000,3.542000294,19002751.17,533848.1742
644,58,732,144.8935546,85.80118281,4718000,4.302997828,4260046,926421.0944
3435,55,3792,742.3116067,551.5221607,20050000,4.548000813,23650618.17,6072466.693
2845,42,2585,650.1205831,572.7128912,20160000,4.284001112,19689900.08,4806724.247
1186,53,1278,257.5586642,225.9017033,9932000,3.32400012,30933088,2491802.924
3538,54,3832,772.5834526,591.3657593,19770000,4.382999897,14262602.6,4779078.223
4010,37,3291,765.9225365,711.1431721,25060000,4.953998089,21180636.12,6446331.638
1743,41,1545,349.3518081,236.3778892,9806000,4.980002165,26003250.67,2447692.698
2124,36,1693,444.8474405,352.0053071,12340000,5.568002462,17124470.67,2849122.631
5456,47,5388,705.7487877,613.8906874,24160000,5.440000296,37025377.36,7465178.064
3345,34,2559,759.7926884,581.4567934,21560000,5.063000441,23598539.13,5369626.037
868,46,847,95.28248701,79.12240904,3684000,2.342000008,22717020.11,1173095.657
1651,40,1451,208.1878296,258.7898444,8155000,4.536000967,27380708.25,2969066.807
3652,30,2523,731.598444,376.1202034,18820000,5.145000935,20582483.5,4877313.298
5331,59,6094,721.87424,426.8913064,18850000,4.374001026,36524024,7090330.32
4403,52,4666,766.8685601,661.5212247,21930000,5.186000109,22730280.67,5858999.425
4088,35,3207,781.641285,686.3612704,32390000,6.099000454,23389532.67,7187109.583
5326,44,5009,773.8322227,746.0344268,27250000,5.968001366,29141913.33,6834687.835
5088,55,5588,768.0090586,639.2990379,22340000,4.132999897,19296119.65,6670114.501
2073,37,1711,440.1624804,269.9280666,11260000,5.397000551,25428685.33,2513480.07
3835,33,2888,776.316723,649.8914337,25580000,5.148001194,21583836.83,7768612.036
3549,31,2544,766.7001664,440.3466154,19490000,5.226998806,21484121.17,4832017.916
5100,55,5593,769.1734273,599.2950056,21660000,4.449998856,23172490,6762882.792
989,31,701,35.91158599,62.006354,2133000,3.520001411,27136572.67,833030.1693
1058,53,1151,127.7941601,143.7147489,7333000,3.694999695,17795803.82,1938053.127
3443,44,3230,771.4529274,708.5718454,26210000,4.555999279,29818708.94,6226423.993
3012,41,2685,770.9135724,545.2829475,20240000,4.244000912,18131644.1,4880238.756
2622,51,2739,721.0412417,591.2663587,20200000,3.975998878,16904216.33,4312087.018
663,51,691,60.67453061,46.58007696,2635000,2.737998724,18670870.99,805535.3922
648,35,508,93.65142415,35.90231862,2814000,2.760998726,24229624,840343.7019
819,52,867,64.43753891,84.70298897,4664000,3.823001862,19278087.16,1210726.289
3729,45,3557,786.2151252,715.6164199,26930000,5.068999767,20771330.67,6475325.718
3595,60,4160,777.1520896,523.2675094,18980000,3.476000071,19286547.5,4503072.749
3690,60,4280,770.2780868,433.4580985,18200000,4.499000072,17679688,4871302.458
2671,31,1904,631.6360744,282.0047929,15280000,5.955001593,19089606.71,3523673.089
2029,47,2013,377.2208577,287.9744893,12570000,4.967998982,22076058.71,3044469.092
5060,59,5802,770.2514519,509.4981746,20510000,4.385000229,27402576,6551097.557
3276,50,3405,772.2322835,581.8203496,20080000,3.971999168,26928124,5075865.611
636,41,571,97.49663983,69.08094882,3144000,3.277999878,24158979.92,628663.5286
1063,57,1192,314.5422588,134.9673032,8314000,4.244000196,16370101.5,1847626.288
1423,41,1256,196.3255701,134.1172137,5436000,3.436001301,21761808.34,1534921.779
508,44,489,69.31346111,52.04225539,2615000,4.310001135,24881741.35,872550.3413
4246,44,3981,783.3293733,706.7634755,32180000,4.764000177,26830019.33,7525103.242
4011,35,3149,782.5368799,707.922031,29900000,5.104000807,19062749,6708633.27
3531,52,3747,773.6120455,652.8056569,22930000,4.440999985,22158951.89,5790651.241
3078,51,3210,772.4393082,510.393771,18630000,4.61199975,17786990.83,4449972.8
4028,49,4113,776.5415975,732.2841153,26950000,5.031000137,23604098.67,6248966.088
1004,32,726,222.882882,59.83005098,4619000,4.453000069,19578033.33,1196531.831
2922,52,3096,776.7779649,591.5071,19360000,4.337000132,21686431.4,4939069.142
4896,55,5374,730.9349431,631.082957,22440000,4.749001741,21331160.15,6648749.635
1051,36,857,173.068432,131.92571,5272000,4.89000082,28821064,1364856.758
2132,58,2417,509.2477754,458.631302,13930000,3.598999977,36073795.75,3578393.405
1896,42,1740,353.8496772,277.2250458,10200000,4.649001121,24519217.35,2810615.173
3382,44,3176,433.2765578,663.5309426,19770000,3.421000242,25446969,4691056.418
2997,38,2511,707.888027,479.4230391,18550000,4.65199995,21847510.5,3903436.632
1376,48,1378,296.0598065,171.4564353,9236000,4.679998875,21799032.83,2469035.204
811,31,585,13.36997028,19.9243865,749500,3.97300005,16454660,259938.2495
997,40,882,117.0973718,109.1152309,3777000,4.30700016,22925477.63,941696.4862
1200,38,1002,287.1043376,101.0237633,6133000,3.850000143,25954152,1465243.669
2885,49,2930,772.7504961,622.4637185,21440000,4.347001076,19138673.65,5392042.597
516,50,532,47.46235038,66.17195407,4108000,3.258997917,22192383.33,1366432.419
3420,32,2491,765.1757767,490.1763744,21270000,6.530998707,23699082.58,5587771.856
760,31,543,31.22848952,17.02131166,1237000,2.738999844,23562000,472907.6637
5300,53,5679,706.5063825,593.7427398,21310000,4.258000851,20432227.58,7550601.715
4131,42,3758,774.9449547,738.414708,31860000,5.320999146,18187588.08,6559737.68
3815,57,4255,751.8333149,501.6707904,19860000,4.22699976,21076087.96,5208533.431
1867,42,1691,520.689486,260.0484904,12370000,4.078000784,25440162.67,2591432.137
4597,36,3705,770.8498631,741.6988355,28210000,5.883999825,16200578.03,6579981.298
4698,53,5035,768.8366667,625.1283184,21420000,4.601999998,22578046.5,5694571.553
1755,33,1320,266.310869,130.4778875,6743000,3.856001377,26164213.96,1876750.219
3808,40,3341,780.9960431,723.5083053,30660000,5.207999945,19414405.33,6536807.517
1490,37,1220,220.3536861,227.3630683,7721000,3.736000061,19254254.67,2013945.734
1589,48,1589,365.8597499,339.3882045,11650000,4.217999697,21652690.58,3013899.227
4799,36,3862,777.271335,701.9889531,31180000,5.784999609,382092917.3,157644000.5
878,38,745,206.2744015,54.41183261,4683000,3.263000012,27396889,1057653.394
2142,39,1851,305.9452834,296.6251916,11100000,5.6839993,24213843.81,3165277.58
2649,51,2771,505.0016801,709.3131635,22640000,3.975998878,17402097.79,5016301.688
3946,41,3523,780.0794435,719.2959251,26460000,4.808999777,19885101.04,6205110.296
2764,53,2989,708.0827687,564.5891885,19280000,4.298000097,17083318.83,4450576.87
1454,51,1515,144.7906635,302.8564061,9024000,4.055999756,18166309.33,2525350.197
1105,43,1028,227.2241161,116.6976199,5574000,3.799000263,17896714.68,1258744.048
2028,58,2325,456.6398409,439.7268807,13760000,4.289000034,17295282.35,3064973.496
739,59,846,212.7736425,138.4773665,6283000,3.755000114,17951442.31,1450848.299
5024,59,5757,764.4491489,488.8565743,20030000,4.328999043,26889118.28,5540743.139
4897,48,4907,775.0418434,677.7609632,24320000,4.746000051,28781326.67,6597939.302
4227,34,3265,782.5931499,703.4172033,29830000,6.352001905,24461340.93,7370208.075
1572,53,1676,474.0783093,336.7380402,13760000,3.48899889,17056194.89,3017253.414
4020,44,3776,782.0127655,705.6192449,30630000,4.550000191,25676162.83,6474767.295
2075,50,2123,681.6047035,439.4025452,17370000,4.018000126,20663826.46,3519526.048
4167,38,3491,783.3977757,701.900845,28790000,4.991999865,25519959.67,6563769.339
4621,33,3465,766.5942707,644.6925467,22760000,5.599999666,29375822,8095648.875
1704,47,1666,378.2792018,237.2445395,10680000,3.798000813,22761308.55,2704580.033
2523,52,2673,530.6218345,541.7169417,18130000,4.480999947,17878548.83,4122219.827
1195,53,1272,132.5525809,247.5831748,8569000,3.904000998,17960358,2496915.469
2048,56,2276,676.0950966,338.9962478,14510000,4.605999708,15366354.88,3037155.002
3826,43,3549,781.1880774,639.5939399,25070000,4.103999853,22619395.33,5882705.807
2233,57,2499,592.1980343,533.9257946,16300000,3.779000998,15647063.75,3549637.034
2714,37,2231,584.3004912,439.984876,15620000,4.57999897,23109229,3779444.686
4850,43,4508,786.2171787,724.2237993,35880000,4.976000071,18770686.04,7243161.631
510,37,419,20.81879751,37.79119623,1477000,3.323998928,2782179.333,264340.9327
1832,41,1631,345.0454841,255.6786875,10570000,4.731000662,26037425.54,2511019.011
1974,53,2128,371.61332,460.0371413,15580000,3.434998751,17240880.5,3264791.054
1202,60,1400,422.3489546,169.4270376,8833000,3.463000774,13178766.3,1536455.014
1378,42,1271,239.222039,138.1362826,6891000,4.080999136,28395186.67,2043388.292
2543,42,2296,726.6680462,427.8203337,17140000,5.063998938,21954392.14,4369167.09
2322,30,1607,243.3758483,208.076237,7813000,5.147000074,25644849.7,2629800.666
2456,38,2069,578.3335481,406.602494,14910000,4.113001108,24745319.32,3707544.464
3240,55,3592,773.5424763,584.3934929,19460000,4.019999266,17254747.75,4978344.218
5437,52,5759,609.6548786,561.3531804,21380000,4.435999155,28994330,8509587.813
5091,60,5880,764.4016238,407.9704886,18290000,5.057999134,37175622.67,5424501.325
2208,40,1949,386.6405064,314.9624737,10930000,3.776000738,21350427.83,2640076.957
1885,34,1443,249.9939809,246.7360652,8122000,4.296999931,27940622.33,2448189.748
1084,40,947,194.9260754,49.52812736,4112000,3.144001007,17420136,1202548.383
5438,34,4179,464.5277856,227.4014001,13150000,6.782000542,27916731.45,7452992.097
1690,38,1427,289.9767328,117.0945535,7135000,4.496000052,25264232,1748006.81
1893,43,1741,257.8610957,196.8814702,8203000,3.645000219,23781850.67,2416540.57
2930,59,3342,702.6679985,401.9657668,17480000,4.398998976,30325396.67,4976373.395
2692,60,3110,714.1316964,390.0449083,16080000,3.739000082,16250800.67,4233902.353
2157,48,2163,508.8945792,416.4140184,14870000,3.782001018,20448156,3580448.311
2173,34,1689,356.5501602,153.1427271,8529000,4.740000248,23183250.6,2018726.877
4320,59,4951,781.6089115,596.189728,20740000,4.25699997,27314992,5556779.851
2645,33,1977,483.7191099,233.7311259,10930000,5.241000891,23690044.94,3296220.008
3842,41,3436,775.7756259,668.3514911,24300000,4.703999996,24318795.33,6234678.931
1147,34,893,95.13357654,74.97490702,3231000,2.977999687,24289231.29,1247620.783
5283,44,4971,769.9102266,714.9349396,26840000,5.651000023,34104630,7168932.234
4748,38,3997,764.6900149,691.227401,25160000,6.195998669,20054760.9,7091730.473
2584,34,1983,593.5709912,412.6747512,15370000,4.710000515,33443342,4222174.994
1995,46,1937,720.1032859,309.3890429,15280000,3.793001175,18179044.54,2899508.714
5018,37,4129,771.3204534,710.8565993,26420000,4.785000563,23964622,6866206.265
1632,35,1279,226.0936821,181.800755,7529000,4.266999721,25271609.65,2506332.846
2335,35,1831,497.3540206,299.2608473,12220000,4.454999924,26342935.08,3398688.581
5427,39,4655,738.3790754,479.6251315,20740000,5.83100009,39187869.72,8808568.09
4154,41,3704,786.1344654,716.6515329,34220000,4.575000048,25451048,6778652.936
4075,35,3192,775.6487883,693.5348906,31810000,5.821999788,17612725.75,6757034.328
3159,35,2470,779.1687973,487.9123693,20150000,4.954001427,17776526.77,4894680.715
4977,33,3733,772.3503856,692.7863007,29850000,5.990000725,28559228.65,8710038.544
4965,38,4175,767.7578597,712.7159581,26640000,5.194998503,32755649,7482104.975
1128,33,849,131.0861598,77.33686142,4205000,3.768000126,25196140.21,1338631.549
1819,41,1627,369.923534,142.5277102,8179000,4.643999577,25936123.06,2029993.519
3618,31,2568,781.3737185,495.6461087,21120000,5.504999876,18452718.5,5106732.493
3078,46,2987,469.8398069,652.273511,20310000,3.651001215,22837890.25,4817730.621
2376,47,2359,670.023731,417.6235944,16260000,3.891000986,21542177.25,3400771.174
992,56,1105,143.8451013,170.5238154,7287000,3.228999853,15021368.24,2049705.434
3079,34,2367,739.3921695,536.1647037,19790000,5.401001215,20993472.08,5021861.749
2373,55,2597,612.2199576,583.1373971,20040000,4.269999981,15764675.88,4218364.392
3067,43,2845,783.2206944,669.125352,22910000,4.529998779,24909128.67,5609230.189
2158,34,1638,326.306632,275.4378672,10160000,4.821998596,25047201.96,2826135.503
2152,43,1984,426.1577232,329.8620737,12700000,4.71600008,22727685.33,3236155.212
3317,30,2294,507.1443347,312.1308829,13420000,5.884999752,20777637.81,3836159.216
4911,49,4998,780.1556244,709.2085709,30660000,5.278998852,22927503.33,7106245.1
1251,50,1306,286.9756389,174.2679272,9398000,4.055001259,18710968.67,2259794.88
3046,43,2834,778.0247614,669.2674464,24150000,4.773001909,19204121.17,5263568.103
5057,37,4148,771.3284032,766.7024995,28560000,5.199999809,18690756.17,6873604.215
856,48,840,139.711591,155.7714508,6270000,2.835999966,10624254,1567418.333
1042,49,1051,141.870404,100.5935041,5462000,3.468998909,14149673.33,1551056.791
3065,32,2256,759.6933791,389.3896583,17310000,5.339999199,20760585.58,4841611.604
3154,59,3620,742.4213528,529.0514549,19670000,4.173001051,23711340.79,4376143.492
1670,49,1680,263.958907,139.9463607,8161000,4.127999067,21801772,3236031.271
4463,45,4269,769.1959903,676.3409252,21890000,4.417999268,21994012.67,6688727.175
3207,44,2993,759.4676605,622.8241139,23090000,4.730000973,19731147.58,6051084.643
4286,30,2952,775.3171388,563.8835,22580000,6.016000986,19285634.19,6604568.039
4090,45,3940,774.2007598,702.7199949,31700000,4.899000883,24026072.33,6770528.701
2054,58,2326,403.0453577,533.9392359,16600000,4.234999895,16972360,4721466.687
4568,45,4366,762.3078532,674.7124075,23580000,4.410000086,18416454.67,6420593.44
2879,41,2579,772.6945296,638.2935092,23080000,4.491000176,20987135.67,5204007.916
1858,41,1659,288.1885886,240.2320181,9767000,4.217998028,26094174,3187739.672
1138,42,1023,112.5859394,108.2393384,4019000,3.331999779,24303586.16,1240217.575
5229,44,4911,764.8634319,759.9065904,28150000,5.590001345,22080008.9,6458658.484
4708,60,5452,767.8343496,428.3764729,19820000,4.27300024,21137370.67,5161207.786
3212,60,3734,777.0705239,371.5801491,17470000,4.221999884,18189986,4769960.02
4357,38,3654,777.9176462,688.4274097,34380000,6.316000223,24904241.71,7143680.561
2909,38,2460,664.5568479,484.1897732,19160000,4.478999138,25304856.6,4948548.561
5193,55,5712,767.0065675,650.1023719,23590000,4.315000057,19338770,5972529.585
2846,36,2286,764.9359125,480.3615221,19970000,4.62899971,19428384,4703648.151
1076,53,1155,220.0752372,195.3690141,7543000,3.859999895,17529318.33,1807239.012
1922,54,2091,550.3109674,371.9811873,15040000,3.254001141,17174419.08,3148847.593
3946,44,3709,773.0684206,710.0433741,30470000,5.485000134,17045238.67,5956255.386
4849,47,4786,778.1594523,767.1816076,28620000,4.845000982,21271763.33,7640166.194
4711,39,4043,771.3794672,717.2702773,25920000,5.716999769,20520742.21,7559029.45
3759,42,3406,779.9317015,697.9676932,28640000,4.960000038,23802057.33,6370300.764
1543,59,1790,392.8775795,278.3466571,10810000,4.075000763,16530890.17,2411253.262
2968,55,3281,732.2519101,562.7674728,19190000,4.426998854,17657127.51,4666402.529
3734,50,3856,771.128411,764.47566,24500000,4.928999901,36746088,6236114.083
690,46,669,79.63811442,66.10836865,3042000,3.696002007,3453253.333,710832.9125
2867,48,2888,716.729076,392.6499999,17130000,3.950000763,21260526.33,4667186.313
1546,45,1487,357.4249244,194.5855219,9630000,3.997999907,19581743.33,2393412.138
4546,44,4276,784.3606367,707.7027136,32460000,4.93599987,284184160,54185888.23
2748,38,2333,586.2485104,384.0180964,15180000,3.884001017,36026042.67,3738404.27
1856,52,1972,535.0034238,460.0836601,16120000,4.234999895,17825317.83,3296681.573
646,33,479,0.046561386,99.92025119,1928000,3.681997776,24930242.67,918992.0852
4689,49,4758,766.2623247,672.7111226,23340000,4.408002138,18256874.63,6228712.79
2264,30,1578,342.4720848,207.5544219,9244000,4.225999832,25004795.14,2369034.009
2818,50,2899,773.9330752,623.2650657,20360000,4.193999052,18150035.67,5117082.195
5150,60,5941,767.8949578,380.3274384,18650000,4.464002132,26690960.67,5254446.691
670,32,478,49.7430395,16.16531058,1519000,4.096000195,23282306.17,783681.4262
1842,52,1960,328.8907824,428.8999887,13810000,3.957000017,20292696.17,3350193.382
3829,56,4241,772.2851155,644.436298,21010000,4.313999891,20145169.96,6394184.564
1811,59,2064,577.5130876,352.4159464,13640000,4.390999794,14829275.92,2942580.45
2861,37,2349,651.8373375,329.3811291,14420000,4.161001205,24777418.65,3171412.566
2303,59,2673,482.619168,487.265297,14770000,3.417998791,17217662.83,4018325.997
922,55,1009,289.8456167,122.1762376,7702000,4.232000113,15502987.17,1948537.167
1340,53,1421,353.5152949,255.7914056,11020000,4.905001163,17077978,2584119.9
1983,31,1392,238.9954404,154.4573418,6944000,5.418000698,23309479.81,2271286.217
612,33,451,28.6140313,49.54824489,1710000,3.997001171,12526287.56,458847.5776
3292,52,3485,770.4582231,568.4206559,22100000,4.245001078,15711442.08,5387097.135
5294,58,5996,738.8785647,450.2169852,19800000,4.197000027,29718353.42,6245203.599
3352,59,3844,757.3616504,440.368188,18600000,4.338999987,31995928.67,5200505.481
4811,52,5114,773.7346069,709.5901827,25230000,4.497998714,20915684.67,6085141.581
5060,33,3792,764.1033232,738.7283926,28950000,5.737998009,17307368.45,7864378.188
3652,37,3021,778.9026407,657.1815006,22980000,5.619000435,23307720,5484954.302
3465,60,4028,775.3129542,415.8781439,17890000,4.392998934,28607885.33,4095126.993
920,30,632,66.03580266,31.26950303,2218000,5.193999767,22208040,994470.8129
5010,38,4204,772.6379131,693.6305678,27620000,5.567998886,35669833.92,8274707.662
1029,55,1126,286.0435663,162.5441786,8279000,3.530001879,17577452.38,2214981.539
2516,47,2487,639.4233313,524.5329988,19820000,4.161000013,18658925.58,3361884.528
4373,53,4702,765.7609423,684.1134502,24060000,4.606999159,22260274.67,6702177.54
5376,52,5688,697.0263787,501.0372067,21490000,4.206999064,32333425.42,8765116.795
1885,30,1300,170.3619285,169.7519844,6052000,3.971999645,26272133.67,2042904.092
2355,31,1688,394.9150585,175.2049903,9022000,5.797999382,28042927.75,2699524.022
4086,47,4019,776.8323591,719.517533,27800000,5.574001074,17431471.58,6334797.325
1428,49,1439,348.1719057,219.0739287,10340000,3.775998831,17488709.83,2461536.123
4798,51,5012,774.2647354,721.2666886,24880000,4.80700016,17509845.67,6732240.807
2545,30,1761,430.6488312,279.9663591,12240000,5.236000061,23704330.74,3693953.623
3498,57,3931,755.6689356,380.7014874,17330000,4.452000856,17669961.92,4821353.498
2230,54,2419,625.1609839,352.9240152,10350000,5.025999069,47529188.52,3872312.548
5184,60,6007,770.1822951,480.2379487,19340000,4.448998928,20938393,5979437.841
2283,44,2158,490.9144976,526.1658595,17580000,4.107999086,40142174.33,4172980.991
1428,35,1135,234.1967801,140.2689711,6518000,5.312999725,30249408,2508043.122
3740,30,2566,745.1188859,508.6586523,21410000,5.389000893,22705669.33,5065005.554
771,45,729,140.989764,63.07655338,3653000,3.201998711,22514378.67,924782.7104
4236,43,3906,782.5890613,773.0884918,31410000,5.496000052,20357947.33,6455856.32
4287,43,3974,781.264177,740.1624617,30180000,5.068000317,15329273.33,6294615.09
1055,42,946,152.3377074,77.79732769,4314000,3.697000027,18102173.33,1293360.739
2822,53,3042,783.7135587,618.8291285,20420000,4.436997891,16227104.83,5207185.605
766,41,677,81.69639154,109.6833353,3480000,3.401000023,25083690.67,727435.9798
1890,50,1967,482.2772344,370.5407713,14170000,4.314999104,17963339.23,3059317.163
3342,58,3776,774.933714,495.5420482,18960000,4.481001139,31242408,5574827.975
5041,34,3881,768.0480191,711.1635202,35020000,6.14599967,23104147.79,8104624.898
3195,42,2901,759.8690151,621.5529699,22070000,4.813999176,21821694.38,6361380.406
5310,45,5078,774.0280058,725.3680157,29460000,6.04600215,24346645.33,8157456.592
3124,30,2174,467.5895035,306.410071,12860000,5.318000317,27039372.42,3489221.73
2128,55,2347,646.0277022,466.2769877,17070000,4.412001133,20328162,4162081.656
5344,60,6178,569.1306927,290.9303877,15340000,4.409999847,32793600.33,7405048.571
2342,31,1676,439.4344252,194.9551714,10470000,6.181999922,25103205.93,3294002.892
2977,44,2784,780.3467722,657.0134558,21740000,4.464000702,18685595.5,4954460.558
3658,57,4108,773.3396532,652.7601495,20410000,4.07200098,28068573,5528546.055
2450,57,2756,598.0037702,539.5823356,17570000,4.487000942,22957236.67,4200472.87
1185,48,1178,384.0757636,180.2540695,9172000,4.337999106,17084262.51,2103616.199
1142,42,1028,191.9516223,89.97657576,4533000,2.92399931,17877501.33,1224753.395
2601,52,2747,722.1245591,511.0194408,17950000,4.031999826,18025680.83,4819890.44
3297,50,3382,781.5235053,650.4373888,21190000,4.401000977,37253028,5643997.214
4667,41,4172,770.0279301,737.8877472,24690000,5.363001108,22423144,7139415.209
1153,36,929,218.9987758,152.4527309,6170000,5.005000353,20731016,1447891.259
4593,39,3934,782.3957982,747.4795643,34610000,5.086997509,16495031.92,6557979.156
2684,50,2764,646.0105442,569.9612955,20280000,3.822999716,17746706.67,4172444.832
3879,43,3605,778.9187454,704.0520474,28340000,5.336000204,17492105.5,6087962.712
3932,39,3368,780.2392888,711.3122235,28330000,4.807998896,26845213.96,6628842.865
1606,43,1504,331.8305087,235.2490607,9234000,5.263998509,27576625,2941896.192
3413,41,3050,774.387371,716.9490291,25200000,4.779000282,27511890.17,6417526.043
3299,60,3837,775.4568904,394.7403929,17110000,3.971001148,21876469.92,4065155.17
3349,37,2754,783.0321071,614.333795,21110000,4.466001272,17826448.25,4434628.135
5269,47,5212,768.1226224,758.859735,25190000,5.479999065,37159932,7088605.975
2368,43,2186,557.5718561,445.0144394,18000000,3.921000242,22484953.04,3418337.056
2091,37,1711,390.9771896,228.8904718,9590000,3.288000107,24570726.38,2877693.468
541,39,465,18.43470778,30.77133729,1122000,1.687999725,24762105.91,391351.9155
4903,45,4696,768.2079433,729.6054963,30030000,5.029000998,25106864.67,6786906.527
1186,32,870,80.56069692,87.66393716,3231000,4.149999619,25904474.67,1432101.501
3430,45,3264,766.2338581,680.5085202,24180000,4.005999088,31708662.67,6343937.182
3133,47,3107,748.0470038,667.35396,21200000,4.108000279,19392239.88,5473275.666
594,45,570,70.6101508,49.43948625,2465000,2.370999813,23487803.67,797420.224
4815,46,4685,770.1108841,714.6937099,23590000,4.260001183,24589489.33,7530944.674
4174,45,4010,783.4143103,721.4141623,29310000,5.336000204,21981331.1,5918156.878
1518,40,1314,387.3749263,133.8154217,7862000,3.653999806,24569739.19,2130039.369
2326,41,2069,502.2954323,329.4847408,13640000,3.796000958,25767071.33,3526343.755
1849,41,1652,390.0803299,247.8598686,10270000,4.339998961,24299337.15,2843871.24
4456,33,3328,782.9765772,692.5718557,27400000,5.682999849,18698805.25,6264517.754
1675,55,1856,331.4194839,371.7204678,12640000,4.217999935,15806869.33,2849554.724
812,56,899,248.2724926,107.9684877,7297000,4.299000025,41456202.67,2209277.11
2991,48,2993,772.9749604,677.6681101,23620000,4.644999743,21685386.31,5960001.43
1420,35,1127,148.7174621,131.810682,5146000,2.365000248,25035830.33,1563642.15
1552,51,1632,453.3950184,331.9713679,14020000,4.107998848,19685167.25,2548057.299
2160,39,1836,593.796172,416.9771809,15890000,4.783997774,26119968.58,3975624.008
2084,48,2077,377.8692747,338.7008519,13720000,4.118000984,22316113.25,3382547.167
3803,45,3639,776.4035614,744.6312827,33300000,5.250000477,24603582.15,6768332.298
5129,56,5699,766.3869672,626.6552351,22850000,4.474999905,19761056.83,5705995.029
5026,49,5123,770.879627,666.9674101,23510000,4.960999012,32137367.33,7923241.211
5322,46,5176,738.6001141,715.9943958,23490000,5.858000278,23951241.33,8241055.097
2626,50,2698,768.1315543,651.9595941,22870000,4.611000061,17346741.21,4609366.736
2417,56,2685,632.2259464,404.8495242,14620000,4.670999765,17071574.79,3250270.053
1789,54,1931,503.7861056,296.3562298,12860000,4.540999889,17433993.04,3097150.805
4233,55,4648,772.4929489,659.3091202,23170000,4.333998919,19232448.67,5970869.062
4259,49,4347,778.8793198,741.8618598,26120000,4.947999954,18716566.83,6110765.644
5199,41,4635,761.3220406,728.9863831,28120000,4.547999859,30951503.33,6897271.901
4587,46,4461,774.168337,644.9338971,21630000,4.308000803,16620224.75,5347899.8
1159,35,910,215.6172332,90.93386879,5209000,4.879000187,23185476,1265023.874
4935,54,5356,771.7598216,623.1389928,20820000,4.517999172,23253674.33,6258304.449
651,46,631,59.86737197,105.7604507,4328000,2.970000267,17161244.54,1259448.994
2638,57,2967,779.8713722,615.5364093,19650000,3.68900013,16149121.67,4302746.703
3873,32,2818,751.5534306,601.808445,21810000,5.798000097,25095872,5200041.422
4313,60,4988,765.3378151,490.218816,18790000,4.553999901,19456792,5130329.514
1433,49,1471,316.0354823,212.2461308,9956000,4.60699892,19440345.72,2299799.487
1721,56,1899,569.3602371,271.3599121,12480000,4.441999197,22428176.08,3471189.371
1163,34,898,176.9868929,128.9535897,5512000,4.697998047,4215218,1271661.127
4822,30,3342,762.0021834,686.3585944,29310000,5.991001129,25259649.33,7871036.995
3885,51,4031,775.1661609,668.0016279,22040000,4.475000858,31500932.83,5220855.404
4060,53,4361,770.5358835,666.7160944,24290000,5.067001104,21454745.67,6505843.724
5299,57,5951,762.9356042,610.1311784,21490000,4.364998102,20119591.33,6756338.188
3656,33,2747,734.0301761,588.6918998,21870000,5.029000282,22462286.63,5436265.531
2019,58,2289,534.608903,488.9814371,16890000,4.08699894,14987947.23,3753643.238
2791,31,1987,676.5852584,346.0380256,15950000,5.384999275,23411204.92,3794389.98
2473,37,2045,336.0929694,353.3118615,12230000,5.333999872,29482584,3887983.306
3137,60,3634,759.0979742,505.5739891,20170000,4.245999813,19874548.67,4971512.302
2531,43,2329,713.3389896,467.0321578,17440000,4.292000055,20704244.67,4258293.843
2974,47,2937,770.2648402,680.6851377,23640000,4.649002075,19052758.67,4948838.937
3355,53,3595,775.6043189,623.3352805,20420000,4.252997875,16973182.67,5993742.542
3071,41,2726,764.9626627,628.997537,21790000,4.889998913,17348916.67,5117585.663
4359,43,4035,783.6040623,702.0535399,37770000,4.56400013,153267306.7,9542352.979
3407,48,3409,783.1807433,686.8017527,25170000,4.840998173,29201492,6065321.996
2850,60,3273,784.614614,482.2299765,19110000,4.402001143,14341448.5,5025296.694
1861,39,1587,337.7260916,197.650387,8958000,3.832000017,25820697.02,2580780.259
2835,50,2921,780.4593791,614.6260176,19630000,4.001000166,18203286,4567620.719
3545,37,2918,780.4455028,620.9986484,21430000,5.0849998,19870397.25,4827574.622
1641,54,1762,328.2686938,321.5026279,12310000,4.583000183,17147726.9,3089441.246
4491,36,3620,771.430035,744.235675,26590000,5.438001156,18752706.83,7810488.497
1140,46,1113,205.6697592,97.6110305,5759000,2.946001291,23023894.83,1108630.023
1264,46,1228,310.4004383,155.7227193,7873000,4.055999756,22773744,2337796.352
2414,58,2750,660.0309858,560.2948025,18580000,4.142998934,17957202.75,3435311.35
2386,39,2058,460.243342,425.9617607,13320000,4.107000113,23057189.27,3349399.644
3725,40,3261,775.6387946,730.6606473,26530000,4.910000324,20570052.67,6249965.829
3922,53,4199,684.4821696,666.6783722,22360000,4.385999918,24367791.33,6311055.894
3290,36,2654,682.9811636,595.5830203,21270000,5.303001165,22637504,5489606.263
3371,50,3493,437.6395287,707.9184598,23280000,4.456001043,19338713.33,5449339.582
509,48,518,56.47628473,16.40008038,1402000,1.558001041,18704405.33,258774.7692
882,37,713,102.5419003,25.04591242,2604000,3.664000988,20135466.34,715245.4542
2284,43,2116,536.715417,257.4502331,13110000,4.648998737,24672560.16,3143815.808
2642,37,2162,599.2186005,408.4734087,16080000,4.988000155,24610687.3,4020814.501
3551,53,3787,770.2162982,614.5708379,21890000,4.50399828,16003675.25,5697335.578
4946,40,4320,772.2039743,759.4194637,27070000,4.863999844,19704321.63,6313775.182
2522,38,2099,439.1784289,376.5990922,13410000,4.349001884,24625360,3837013.215
4762,41,4238,765.6217181,766.3532321,25950000,5.379000425,23705519.33,6189629.085
2851,50,2944,778.0074194,598.007023,23040000,4.543001175,24706550.49,4968157.384
2986,47,2956,770.0879538,628.2057046,21650000,4.692999125,18333930.67,5543109.252
3134,30,2175,722.0397168,386.7170417,17530000,5.161999941,15230397.15,4072525.431
4602,59,5267,659.298216,547.2676315,19140000,4.589999914,25538585,5278708.369
4632,46,4492,763.75266,752.1383733,26950000,5.502999306,19505389,6977239.309
4962,36,3988,766.7125896,744.7378899,29080000,5.976998806,29184057.59,7894382.771
2773,37,2269,380.4698511,336.9507499,11120000,4.441001654,27672339.92,2602557.629
1807,38,1498,327.0041643,192.1083515,8509000,4.656001091,29498040,2123805.834
3988,47,3958,775.1504013,686.6945,24040000,4.049000979,20925199.33,5672275.758
4074,56,4520,774.8000854,633.684415,22100000,4.551000118,20395882.17,5011178.289
1084,51,1141,340.1503059,175.2604821,9344000,3.494000912,17975577.13,2355435.605
920,44,882,125.2983091,148.686488,5698000,3.927999973,22556591.09,1677521.63
4224,42,3818,779.1827881,733.7882282,30500000,4.963000536,17444647.17,7085545.601
4170,40,3661,768.8810882,692.2856721,24950000,5.155002117,34895258.67,6600763.346
566,43,521,82.17245977,0,1390000,1.982000113,2693526.125,213104.12
1903,44,1772,470.2814887,298.8291398,12220000,4.523999929,21607827.6,2796351.866
2292,52,2435,769.4565812,448.3838329,18230000,4.177998781,16867617.85,3994140.677
2516,33,1872,447.9575723,263.797625,10900000,5.399999857,25643880.33,2937319.052
3703,41,3287,775.6872419,702.2145757,28590000,5.188000202,17759493.61,6216816.776
4071,46,3951,780.3048417,740.9199919,29380000,4.709998846,26639180,6425443.628
1706,60,1953,558.7555756,322.5938202,13300000,4.015998125,13541024.6,2576912.163
2849,32,2081,676.7110613,437.1270871,16990000,5.085000515,22023181.18,4054690.728
2473,34,1916,525.0100763,324.4605709,12710000,4.805000305,26622699.83,3205166.019
1163,53,1261,363.8227228,215.9267498,10590000,4.465000868,34359980.67,2986855.082
1878,34,1449,341.2000259,210.0862006,8594000,4.32900095,26658909.38,2635820.915
3071,32,2255,733.7979807,484.1221222,19720000,5.532000065,25664746,4801940.38
1598,44,1510,296.5204081,229.7700011,9103000,4.48499918,25652912.79,2236110.003
2278,56,2517,777.3574836,277.0682818,16150000,4.053000212,16436957,3539745.272
2402,53,2593,440.4302291,565.5316062,18040000,4.747999191,17759440,4999764.2
4353,59,4992,777.8304218,634.0825958,21460000,4.915999889,23402706.33,6178482.018
3294,33,2464,768.619551,568.7628666,22060000,5.517998934,22085278.67,6483159.733
3963,31,2825,761.3988827,626.1861786,22960000,6.075998783,21003712.75,5671704.722
1728,60,2004,546.7920155,393.9450442,13870000,3.186001062,17861863.83,2553583.197
2610,51,2739,783.2058705,617.0450845,20100000,3.741001844,28522722,5052090.803
1496,45,1447,178.3410094,206.2236758,7677000,4.176001072,22052313.01,2249404.07
894,43,819,144.2088536,144.7597588,5169000,4.619999886,24390058.67,1487757.864
4786,40,4180,769.5437266,726.4352611,23150000,5.573000908,22419946.67,6641328.935
1104,60,1276,322.1178555,173.3908043,8293000,4.397999287,13764099.57,1825103.045
1278,40,1127,151.5940846,107.9074077,5079000,4.678002119,25364271.21,1269469.241
1309,37,1081,236.2057123,144.7343654,6267000,4.130000115,23936472.58,1989264.851
2067,35,1638,382.0137039,357.1429152,10930000,5.649002314,26723522.54,3348257.473
654,55,709,87.26321886,103.48888,4414000,3.863999844,14563548,1359239.747
2546,40,2218,562.1726989,495.2026705,16870000,5.22900033,27055234.79,4106878.872
1060,52,1115,230.5350039,158.980829,7217000,3.640999079,15859927.57,1969705.116
2705,60,3137,599.6549626,428.3643179,15820000,3.820001125,15014124.5,4208160.38
2847,44,2670,765.6044698,605.9361509,21700000,4.483000755,24050706.67,5463153.607
1614,48,1625,223.6265681,247.0550203,8848000,2.917999983,20748284.93,2504175.842
2143,58,2408,476.3510729,592.6439571,19060000,3.723001957,28261883.49,4533774.062
3806,33,2863,706.9445197,675.4953574,22890000,5.310000658,20560174.12,6084513.594
4110,44,3864,770.0143428,642.104417,22240000,4.235000134,19206400.71,5661333.187
3619,30,2486,772.0711531,426.3057628,18890000,6.387002468,19217439.48,4911809.869
4337,41,3883,778.9840028,705.7396055,31650000,5.72900033,24061650.67,6569029.668
2885,49,2925,774.6830689,668.8513846,21410000,4.222000122,28610311.04,5696161.991
4387,41,3902,782.7802562,695.2401629,34200000,5.434000731,23115073.33,7424013.233
4461,54,4839,763.5519008,532.1436613,19640000,4.212999821,24707537.33,5773778.589
1046,33,784,47.76858637,109.6118542,3346000,4.354000092,29502080,999517.439
2683,35,2088,494.8328065,361.2961206,13570000,3.364999294,26192729.66,3098402.713
2330,38,1956,468.3867873,403.605976,14220000,4.139999867,20205760.92,3652880.867
4292,54,4665,778.957778,674.4882541,22190000,4.46600008,29178119.33,5859459.373
4200,35,3299,774.7764652,718.1690379,29130000,5.734999895,29355053.33,6351434.59
3202,59,3670,764.3133356,378.0989405,18080000,3.913000822,21900790.17,5686808.055
5437,52,5757,671.7069352,476.9594278,19870000,4.176000118,27144490.11,8066595.568
887,55,973,245.9288883,116.4637028,6890000,3.55700016,15246481.11,1921813.841
3303,45,3136,747.4398276,588.39226,22770000,4.993998766,18609172.17,4581661.142
4516,38,3794,767.9209399,651.2046844,23700000,4.684000731,40400660,6634916.531
2729,38,2306,710.6269309,546.1014656,19040000,4.52699995,21763768.35,4416423.023
3689,38,3113,776.5055075,695.4538054,29260000,5.395999432,18043928.5,6589324.648
3261,41,2915,777.0757566,585.2958285,19680000,4.086999893,19924199.04,4450820.905
3729,34,2883,778.2796737,718.8780295,23780000,5.297001362,20292967.46,6220349.083
2513,42,2276,539.4544855,521.5059992,17670000,4.062000036,24547852.83,4002584.122
1440,30,1000,142.0057936,89.13669372,4571000,5.206999302,24859125.33,1499194.164
4427,38,3721,785.2798652,714.2770178,35170000,4.860001087,17997683.58,6533765.097
3945,54,4294,776.5500331,567.8423549,19690000,4.553999901,24226221.85,5763679.721
3412,40,2953,721.5893046,672.9610722,23010000,4.871001005,20498116.93,5992904.299
5029,34,3862,769.0468423,660.9497356,23480000,5.107999086,23566896,6928137.213
1226,48,1254,382.6242704,220.7128047,10130000,4.345001221,19918534.08,2875083.526
2845,46,2765,657.7850803,525.006367,18960000,4.05699873,29102637.05,4343475.585
4775,58,5418,759.5390674,555.8809918,21000000,4.914000034,33378915.33,7466026.758
1789,30,1237,314.6331965,181.2713315,8301000,5.158000231,19045053.33,2300450.871
2614,53,2773,781.6822353,517.2200234,19490000,4.366000176,16796291.92,4997809.232
3331,46,3242,775.2244138,695.1792595,24540000,4.423998833,17486063.33,6088551.933
4752,40,4167,779.3543374,745.2464797,37770000,4.178999901,671612693.3,65308212.23
4997,55,5478,779.462225,639.5024605,21650000,5.133000136,18569144,6690952.156
1282,33,964,70.30855459,116.9852946,4051000,4.876000166,21472728.35,1414958.698
2647,52,2814,630.9199154,604.3750502,20980000,4.464002132,19234349.54,4575630.37
5255,49,5342,779.7148627,669.1177614,22570000,4.869999886,18111830.54,5801522.481
1616,60,1881,506.7750553,354.4948232,14350000,4.130000115,26484943.33,3255875.265
4377,40,3838,784.6842066,690.8341745,32330000,4.795998573,304361013.3,32965175.93
1419,41,1259,223.3705015,194.6913343,7407000,3.79599905,25877509.59,2391029.898
3101,56,3440,574.5576888,705.2681275,22950000,4.137999773,16665225.42,5193685.423
3040,43,2805,784.5089618,647.1045656,22930000,3.928001165,23587506.92,5060046.461
4067,50,4201,778.2764843,707.9678388,23240000,4.607000828,29636938.67,6210968.52
4421,45,4248,784.2295757,700.9001024,30120000,5.428999901,27400995,6821618.218
3737,37,3089,780.6767525,709.6698053,26720000,4.771998644,18606542.88,5247005.887
4545,46,4410,764.37374,647.3586451,23740000,4.737000942,21242273.79,6448721.468
1162,34,886,109.8772811,89.91904762,3726000,4.386001587,26494328,907963.6378
1925,34,1482,242.3174391,163.1230888,6714000,5.044999599,26343663.27,2205819.469
2577,30,1783,554.840654,309.4194113,13880000,5.800001383,17057580.27,3126256.517
1928,43,1760,387.6329534,263.9000293,11200000,5.076999903,24254077.33,2777560.751
4959,39,4247,779.1887075,736.656935,25130000,4.837998629,30477238,7230301.437
1282,53,1357,291.8794486,172.7019257,10610000,3.888000012,16669852.27,2610488.349
3651,55,4036,772.4932145,639.3011894,20600000,4.021999836,26531288.17,5279638.9
2309,36,1876,390.9816943,302.2193924,10590000,5.04700017,25145028.56,3564859.48
670,60,785,104.0723306,89.77559631,4162000,3.803998232,12008662.67,1020898.992
3066,51,3200,763.6479896,490.4646551,18280000,3.977000713,31374031.33,5051558.561
850,36,688,123.267125,57.3718867,3346000,3.516999722,21461031.26,980531.9416
4785,56,5319,768.6281732,612.7934207,21050000,4.332000017,33467360.67,6163666.19
2144,58,2430,486.3922311,572.879632,18470000,3.357999086,17165396.63,3960344.803
4657,58,5289,776.2608856,648.6189523,20140000,4.486999989,34086436.67,5908353.917
533,47,536,56.38483419,67.61011084,3323000,3.85200119,23791404.27,1096413.545
1910,34,1463,276.4979162,185.2311022,7942000,4.157999277,22302216,2310355.364
4661,47,4603,774.6799708,704.9917182,23220000,4.625000715,26444704.2,5793438.867
5270,42,4790,772.4316542,767.7923101,25600000,5.296000004,18890179.87,7373615.223
1862,49,1871,418.1026211,431.8425999,15720000,4.526997805,19398488.5,4099747.566
2775,60,3174,709.4311188,420.0582588,17210000,4.421999931,27030503,4385650.777
2245,39,1922,337.2561084,331.7468928,10650000,4.4599998,24246386.71,2734154.183
2186,40,1890,307.538954,298.3137297,10370000,3.807001114,24913728.96,3167478.87
4595,47,4536,780.8195187,761.9348013,31980000,4.84800005,19402433.6,7268432.466
3401,36,2745,777.4458875,628.3493199,22090000,4.329999209,19356964,4873891.118
1055,31,759,119.5969298,68.40096332,3892000,3.996000767,18193622.75,1315014.695
3832,47,3784,775.1901311,729.5523192,27990000,4.897998095,16463192.75,6281276.766
2902,54,3148,778.9230654,575.415031,20160000,4.226999998,28256698.67,5346880.803
3236,54,3518,759.9726391,666.5347395,22890000,4.453001022,21214794.22,5432343.838
922,34,702,100.3618629,78.87327902,3377000,5.346001864,19199768,989962.9165
1893,60,2181,480.544267,285.8688684,12760000,4.116999149,22740735.96,2692885.709
2138,49,2185,381.9099558,520.6774491,17330000,4.834000111,21022953,3601919.91
4391,46,4289,781.6973858,749.9048655,29500000,5.803999186,26010026.67,8332226.447
2066,50,2144,593.8592614,416.4834973,15480000,4.574997902,18772108.68,3510127.564
1953,53,2077,454.5374325,476.8488376,16370000,3.862999678,15547408.6,3868950.359
2919,54,3196,748.0592696,478.2121375,18770000,4.346000195,19968908,4646209.063
717,45,688,197.3616957,47.16111908,4237000,4.585000753,25390514.67,1181062.089
3406,45,3252,777.823996,647.6868348,23720000,4.57500124,17790581.08,5867089.841
2294,41,2041,535.876218,329.0033224,14070000,4.534999132,27766202.67,3396763.482
3575,48,3580,776.9988106,708.7742554,23560000,4.496998072,28772748,6599272.409
1578,39,1358,409.9892754,139.1598588,8841000,3.630997658,27160540.5,2630064.595
524,48,537,46.22908543,32.05079532,1832000,4.027001143,20235750.08,563513.4188
2553,54,2789,707.991072,454.827126,17980000,4.760002136,16613376,4212378.755
1791,54,1952,484.1355347,405.8106679,16030000,3.885998726,18978259.85,3521905.17
2541,56,2818,750.664082,445.1128438,18190000,4.524999857,16727014.67,4738142.925
2189,43,2027,641.0496138,426.2432773,16580000,4.134000301,19699902.58,3114021.845
1317,30,914,209.6269841,90.71654748,5237000,4.931999207,24046608,1348664.561
2176,38,1834,547.6369996,264.1410193,12960000,4.523000002,20699436.13,2998632.481
3275,43,3019,782.9955647,658.0252322,21780000,4.289999962,36173806.33,5212243.63
3760,32,2753,714.7942834,545.9521841,19790000,5.912000656,24022776.8,6206020.176
2095,40,1804,489.3782219,315.3295128,13140000,4.294001818,27409577.58,3135605.527
3646,55,3974,764.2998427,634.8858377,20960000,3.771999836,31849442.67,5566442.581
2213,48,2223,675.7281484,388.8997563,15780000,4.754000902,17558423.5,3359526.098
2418,56,2722,611.8525127,519.9941459,17540000,4.176000118,16708899.27,4108513.409
654,52,678,164.2829732,82.97249708,5080000,3.57700181,16189456.26,1578049.331
4202,42,3814,779.7503363,734.709453,33550000,4.945999146,25117739.67,6317331.979
1471,31,1048,127.9655827,104.0955529,4210000,4.995001078,24605186.67,1368941.654
3611,57,4041,775.150237,668.7859016,22280000,4.520000219,30863818.33,6484260.604
1140,40,1015,253.6226452,90.27980382,5258000,3.569999933,22919106.67,1247381.747
3671,45,3534,778.9950193,703.3240401,33990000,4.974000454,24860092,7694068.049
3702,34,2839,761.722277,655.9376968,24100000,5.065001965,21542108.6,5505131.541
1071,54,1162,373.4420946,169.57679,9563000,4.350001812,15562246.65,2068167.205
4216,37,3459,787.1319107,738.7289572,35480000,5.251999855,199869264,64178988.9
4879,59,5579,773.4419792,502.6931819,20540000,4.27699995,31950818,5177040.29
4101,44,3859,777.0658003,709.3573042,30100000,4.892001867,18306056,6894037.527
3964,44,3721,781.9115651,715.1520612,31860000,5.422998667,25119823.58,6362509.549
3732,37,3072,780.2133027,712.5656286,26150000,4.126998901,16845391.42,5949954.092
2412,56,2667,599.7180364,422.6926564,16330000,4.263999939,25991665.33,3795277.782
1881,53,2020,386.3493647,404.1138525,14190000,4.464001894,16124330.09,3508409.512
4013,53,4282,771.5675294,671.3780463,22200000,5.044000149,24386121,5687593.132
3621,38,3042,779.7508342,688.333666,29260000,5.423998833,23824284.67,6547383.718
2779,58,3182,748.4444401,429.4690695,18980000,4.299998999,33479636.67,4674892.034
4973,60,5735,767.4383408,483.0192375,19170000,4.468999863,17454508.26,4827576.438
1868,53,1983,603.446993,288.6916864,14240000,4.411001921,18599013.17,3260500.925
4763,34,3664,757.9824516,612.936663,22660000,5.52200079,20526372.67,5650773.025
3813,43,3542,777.4321521,692.9462962,25510000,4.540997982,20559658.92,6143592.432
2640,56,2932,759.8230839,357.2927457,17320000,4.400999069,38219517.33,4812197.81
3999,43,3695,776.0487803,705.5213146,32570000,4.769001246,20935467.33,7133843.455
1683,37,1383,258.8367409,203.3382748,7870000,4.825001001,18693462.92,1913346.307
4512,53,4852,777.395214,688.6528351,23650000,4.589001179,24592446.67,7039771.651
3800,42,3456,768.149903,698.170103,27660000,4.553997993,22351521.33,6333913.304
2284,40,1976,332.5691224,280.3879091,12060000,4.120001078,25377258,2846419.81
2265,31,1613,538.28895,254.8154953,12420000,5.374999762,19901011.67,3020523.846
3517,54,3818,774.7532912,629.8478887,21250000,4.712999821,21196675.33,5307946.595
3954,60,4562,764.2635661,543.1480625,20070000,4.427999973,25074182.33,5879593.992
2808,37,2295,717.0213019,490.8935714,19440000,5.992001295,18901418.5,5161003.836
3739,60,4308,766.7526726,531.4349184,19500000,4.567000866,24104969.17,5323868.34
1643,60,1876,604.6475754,360.9572666,13330000,3.703999996,14809519.33,2919408.993
2939,37,2423,557.9781844,488.7359536,17430000,5.364999533,20084806.13,3870603.47
958,54,1049,281.4044143,115.1476305,7329000,3.714000225,15750009.33,1547761.535
5421,33,4064,386.9234226,295.2068793,14120000,6.764001608,30509039,6168253.913
4404,34,3390,765.6135944,719.5328155,25580000,5.832000017,24256037.33,7486151.389
1523,44,1429,356.4510813,287.9906824,9608000,3.786000013,22515058.67,2391722.442
3520,42,3182,758.3108032,677.5389674,24050000,4.832999945,19650646.67,6312339.521
558,43,510,28.53435324,67.60269846,2164000,1.911999702,3536532.083,354774.5753
1888,46,1852,422.7256767,234.7229639,11780000,3.792999744,21881247.46,2689471.063
4365,55,4785,778.3463338,600.7258714,20870000,4.349998951,23712063.33,6326095.093
5284,58,5996,750.7652548,519.9051454,20140000,4.055000067,20910467.21,6784176.735
943,57,1046,311.8638769,150.4672569,7450000,2.895999908,15956190.35,1834685.533
4115,33,3092,763.1505364,638.4302513,23150000,5.509000063,22191955.53,7070346.663
4380,37,3593,781.5866537,701.2566846,30430000,5.36000061,18778228,7128074.087
4821,35,3812,767.8788705,700.1245453,25690000,6.230000734,22998466.57,6253116.398
3419,37,2806,780.2595469,692.2674027,23660000,5.222002029,36404565.75,6920920.901
4721,40,4137,773.618646,742.3131528,29930000,5.49000001,16820640,7629668.588
4434,58,5040,766.6025551,509.9594979,20400000,4.6980021,34650742.67,6301095.762
4530,60,5246,769.2392506,492.195921,20900000,4.318001032,29010860.92,5654028.014
1318,55,1462,357.0027373,274.1119405,10730000,4.73699975,18057169,2782365.026
3518,33,2628,772.1966854,597.3570649,22120000,5.08100009,20798202.5,4906485.805
1966,38,1675,360.7414296,258.3368072,10440000,4.6650002,20786373.33,2623261.888
2978,42,2697,768.1719861,569.4623646,20680000,3.823998928,20088258.07,4745292.929
1042,43,964,226.6575372,106.1175666,5582000,3.892999888,24585054.63,1689471.019
996,33,743,255.2283766,89.51124533,5252000,3.861000538,22866256.19,1142454.516
3428,60,3951,772.5703659,482.951515,19100000,4.078001976,26153957.33,5275931.197
877,51,912,190.4702651,164.7162214,7168000,3.589999199,16067405.33,1505429.807
5153,45,4926,771.9717588,748.9011901,28280000,5.275000334,25243434,7119590.863
3704,45,3536,781.7865426,665.8422049,25700000,4.631999016,17827675.35,5963908.002
3741,58,4212,770.2327451,486.7269781,18470000,4.120999098,38284801.33,5297697.099
950,50,989,106.2592557,116.3134734,5433000,3.973999977,15827688,1592069.864
5034,53,5395,768.8992171,622.3964697,21310000,4.208001137,32410027.33,5825324.919
5298,42,4816,770.2534358,754.7368628,27750000,5.202998877,19783662.33,7056703.747
571,30,394,60.34348518,28.87343323,1751000,2.859000683,25224627.37,406898.9989
3089,38,2587,770.6126319,633.7227421,21010000,4.583000421,17395073.5,4745737.666
4380,56,4862,761.2485491,592.870814,22310000,4.315997839,46586474.67,5986896.936
2287,48,2307,416.8114826,518.6013458,17530000,4.688000202,18940462.67,3956185.488
4462,43,4118,773.615749,729.7033131,33530000,5.095000982,23351070,7038433.726
2047,45,1970,573.5679304,347.9783692,15480000,4.898998737,30686235.5,3545055.455
703,43,655,17.63011197,54.33771301,1808000,3.084000111,19975814.67,491701.2951
1587,31,1132,147.715909,131.8564132,5559000,6.053999186,21813036.37,1459388.956
4882,54,5291,772.8696002,630.2803258,22640000,4.444997788,22472994.67,6037471.536
3048,40,2677,776.4842211,582.770706,21520000,4.026999712,19901517.87,5032674.124
4644,42,4220,762.2344911,722.7886942,27110000,5.179999113,29665125.33,7406830.364
1633,34,1249,218.8026719,132.359249,5509000,3.757999897,17615984.15,1598890.894
2516,44,2370,781.1967723,601.2367708,20870000,4.373002052,24931638.42,4536680.469
1600,47,1583,336.1676655,283.0147969,11300000,3.86500001,20960654.67,2609569.231
612,51,637,63.83354531,82.1563749,3711000,4.408000231,17512083.13,1064744.256
1294,31,929,140.2615235,54.69214746,3360000,4.454999685,25474853.33,1293739.517
660,31,469,18.24408565,20.91750411,887500,2.251998901,24615498.67,217812.5201
506,50,503,54.57980076,51.32288876,2793000,3.670999765,18040843.42,756734.8815
3271,39,2799,607.3066509,562.2145583,19500000,4.61700058,25972194.95,5713494.361
2602,34,2021,627.7281659,315.9613758,12160000,5.021999359,25216327.16,3178839.459
895,59,1036,306.7684137,158.2074202,7342000,3.263000011,15595535.94,1522622.244
5320,36,4287,761.3662579,751.6958146,27670000,5.059000015,21237082.71,7203946.493
775,38,650,90.31060822,90.61099928,3431000,2.90199995,4558390.667,654998.1463
1955,36,1555,445.9061324,295.3051173,10890000,4.351000071,24594065.58,2641805.159
2883,33,2164,707.2452647,443.5740312,17980000,5.253998756,19780951.92,4179088.562
3523,56,3912,774.0724342,640.6030837,20720000,4.259999275,24208900.67,5841432.122
2042,58,2299,484.725791,510.7504413,15970000,3.981998921,21832505.83,3595655.407
3505,58,3963,777.8355494,522.3513768,18380000,4.891000986,17483383.17,4904777.639
5019,35,3933,775.6098565,655.1188393,23610000,6.000999212,21284781.54,6376850.999
3070,49,3106,772.3525435,622.8146829,20110000,3.874001741,28960269.29,4510726.481
536,40,463,53.49746545,25.70293936,1704000,3.210002184,26071369.31,580369.8071
1659,30,1136,131.185277,182.1893248,5822000,4.741000175,24199795.21,1866750.286
2338,46,2257,636.4925368,415.0744309,16160000,4.056001186,18918140.21,4068278.746
2194,41,1966,523.7521599,315.5969011,13480000,4.366997957,23368378.26,3148870.639
1841,39,1585,320.5237212,129.6726213,8415000,4.070998907,25378391.63,2363318.72
5211,55,5718,764.3125047,612.6868638,21690000,4.508998871,19417484.04,6619715.791
942,55,1060,276.8316154,140.4377714,7737000,3.611000061,17420076,1717287.399
694,53,737,185.7277888,81.94517162,5664000,3.760999918,17122550.65,1304792.606
3741,50,3857,776.3575786,713.4247049,23460000,4.178000927,18785122.75,5033177.957
5064,59,5813,764.8949721,536.5273428,20830000,4.514002085,30674653.33,7046262.915
5255,60,6076,654.167246,357.1540814,17520000,4.191998959,25878646.33,7071417.456
1602,58,1832,503.5724804,320.0018448,12720000,4.305997849,15288110.83,3083400.614
2399,52,2537,762.6739179,370.2126059,16800000,4.265000105,22456830.33,4341659.536
2019,55,2210,612.1840878,360.3664932,15180000,3.894998789,16165406.92,3724626.837
5181,57,5820,693.0445929,489.6433378,19340000,4.481000185,30885185.33,7298052.014
3080,60,3565,770.567179,447.165417,18370000,4.270002127,23988251.16,5246350.834
931,34,709,148.6793143,57.16743719,4037000,5.336001396,20116242.67,848306.4237
3270,58,3739,678.7277792,451.2780178,16510000,4.551000118,19969660.28,4957648.876
4658,44,4383,773.8980223,658.1045529,23300000,4.689999819,23697245.33,6728305.261
1939,60,2243,628.0046053,405.4909394,15580000,3.859000206,15760310.17,3552423.71
4266,30,2954,777.619718,617.8298019,24700000,5.748999596,19832998.93,5513975.795
4185,30,2905,775.3975643,530.045798,21110000,5.648000479,16261388.4,4949762.033
642,53,674,85.47333108,66.99376441,4155000,2.923000097,16561606.67,1070871.856
1894,51,1990,719.7334351,424.2927557,17340000,4.499998808,16061003,3886445.694
4345,31,3103,782.0379894,749.7427636,25390000,5.058999062,18032469.67,6145327.451
2948,33,2221,654.3397067,383.0217624,15810000,5.117998362,21589241.33,4330113.903
4761,46,4615,770.6620144,724.6646223,27920000,4.992001057,19709089.5,7120771.569
845,34,630,156.7238053,36.83695509,3309000,4.760000706,25814420.38,1348370.143
983,55,1090,360.6976005,175.0744555,8823000,3.506998777,14835657.33,2225033.41
4126,38,3470,779.4936137,724.6493352,26260000,5.642998695,22815346.66,5694731.72
5388,51,5632,779.4502768,668.2519184,24110000,4.339998961,27259708.33,7170264.935
3836,37,3170,776.0591547,685.3308525,32950000,5.406000376,32872126,6923211.778
4250,41,3802,777.6486175,720.8205723,33820000,4.511000156,335702186.7,11773715.66
1046,56,1164,318.441592,159.9427068,8577000,3.862001181,14544440,1770678.804
3829,58,4347,773.821303,629.3344341,22140000,4.264999867,21000384.67,4932704.311
4386,41,3924,780.3279613,715.6300018,33630000,4.920001984,27098704.33,6794171.317
1836,38,1540,379.2291714,168.5998135,8572000,4.564001083,26141314.58,2879084.411
4288,55,4717,779.9898678,672.1756147,21390000,4.801999092,20281459.73,5273904.135
2907,40,2559,432.5903263,384.1824269,14030000,5.159999371,26125939.45,3915134.914
3836,52,4049,744.7580023,543.1586368,19150000,4.400001049,26467100.67,5663121.5
1601,40,1384,366.6285939,170.6304758,7875000,3.25699997,22916116.29,2048104.272
5214,58,5914,772.2566171,494.5278677,18940000,4.362000942,20357756.08,6160468.414
4553,38,3820,774.7588959,709.8847633,25310000,5.041998863,21121694.67,7059549.209
2804,58,3163,743.4700891,410.2642663,17260000,4.368000984,28481633.29,5441483.853
4065,30,2817,776.7640372,557.3261459,24150000,6.091001272,22454610,6562814.066
1845,47,1831,628.7999955,272.6188633,13350000,3.144999027,17881586.21,2416708.914
2226,38,1876,475.8951696,281.9103599,10990000,3.977000713,25869352.67,2836928.948
2643,52,2787,550.1425883,529.2294079,19340000,4.055999994,16885825.33,3890441.014
891,54,983,262.3886091,128.2093901,7267000,3.978001118,16968773.15,1363724.083
1680,56,1862,543.5634587,367.3762928,14920000,3.907999754,18988957.79,3315708.178
5137,46,4995,764.8564102,646.4987848,23190000,5.093999863,21174288.67,7323654.924
4248,47,4206,776.71591,774.8835204,26450000,5.17000103,18406818.79,5738325.279
1601,55,1756,578.3105789,371.8045327,14000000,4.256000042,17310938.08,3281057.04
914,40,817,93.62987946,108.5029481,4132000,3.615999222,26097018.67,1211109.119
2843,39,2437,773.5891208,652.9127124,22460000,5.242999554,20104676.08,4789398.399
5359,44,5042,767.6610097,713.7797795,23860000,4.64099884,18100059.33,6786136.611
1709,53,1820,477.9326906,389.8809974,14720000,4.068999291,16867443.17,3201392.606
1922,52,2031,408.1005851,437.2656712,14390000,4.647999764,18386631.25,3474205.858
1797,57,2009,424.9071171,356.1716435,13160000,4.291999102,20252999.75,2882514.83
947,49,970,223.2750436,123.453636,6380000,3.227000952,20894501.33,1559334.896
4397,33,3306,779.0012762,694.1797894,32840000,5.390001774,16816577,6655024.389
4810,46,4669,772.3867018,754.1068604,25290000,4.740000248,29521710,7335047.668
4499,49,4592,779.5805894,771.3165865,25930000,4.918001175,21191962.96,6124577.329
604,44,562,53.77616014,47.5868591,2359000,3.046998978,18040671,552943.8677
1458,42,1337,302.1475577,154.3259467,8006000,3.743999004,23866688.35,2109396.348
2414,35,1905,609.1791724,314.4425545,12980000,5.28000021,25799179.54,3096853.58
2702,35,2117,349.6908961,382.7560852,11890000,5.479998589,26328299.79,3730328.645
5032,34,3871,766.5355327,725.3945457,30940000,5.812000275,15491352.17,7814967.821
2440,35,1928,454.9884432,238.0165514,10760000,4.495998859,23516496.98,2705202.152
4424,44,4163,785.4385171,699.5737359,32610000,4.743000031,18506642.08,7062355.26
3115,46,3011,770.6525501,644.7112493,22550000,4.747998953,18572429.33,6027564.331
3567,45,3432,774.3827663,723.0807954,23000000,4.205999136,17981545.17,6219730.718
1430,37,1182,211.7162596,138.2253191,5970000,4.366002083,26658790.61,1788627.481
547,34,436,18.5916794,8.837089441,686400,2.146998882,2265848.833,112421.3578
2026,47,1967,438.4020826,240.1188254,13040000,4.271000147,21177570.15,3134703.929
4955,57,5573,761.8701174,537.1558738,19580000,4.272997856,27427547.33,5664855.357
1064,52,1131,381.8129715,172.6505133,9592000,3.607000113,17297234.25,2155857.165
2089,46,2029,548.0592321,442.3689608,14740000,4.595999956,18438702.83,3542644.852
2189,58,2462,520.8000399,522.1524023,16080000,4.005001068,17664436.93,3508650.491
4808,52,5094,766.3800455,574.0123383,20100000,4.621000051,27281377,5949634.34
2833,50,2929,682.381274,563.9457705,20850000,4.202998877,36463434.67,5128946.412
2907,40,2530,769.8653119,595.8809829,22120000,4.619002104,21329303.75,4899411.081
2633,41,2356,658.108635,358.8254533,15340000,3.788998842,22268381.33,3503187.676
3688,51,3843,774.9655842,650.1419248,22430000,4.389000893,22557285.33,5732437.037
2269,45,2164,500.9411967,403.4075679,14430000,4.202998161,23974810.81,3682998.163
4867,54,5270,766.0288657,686.4786168,21460000,4.697999001,20368271,6091492.901
1346,59,1539,373.8599836,218.7321327,9863000,3.560000896,25738468.67,2362550.903
1707,38,1438,234.2461518,215.8932719,7275000,4.324001312,26491210.32,2249266.48
3144,39,2711,720.932717,625.8728836,23080000,4.820000887,23257427.17,6056474.86
3249,32,2363,735.2406491,461.8536204,19560000,5.616000414,21881968,4992693.678
3171,55,3469,773.9904632,609.5826493,20600000,4.290998936,20006369.33,5198696.812
1161,50,1221,330.7703873,97.14339651,7326000,3.747997999,17907407.2,1533533.881
2624,47,2581,761.7283339,578.2139479,19330000,4.086997986,17915225.76,4453201.546
4912,35,3853,768.1061217,745.8482813,30310000,6.253000975,16765510.35,7599216.057
1706,40,1509,298.6481597,260.2848878,9444000,5.012999535,18033548,1950333.292
3304,32,2403,752.1734123,477.7895326,18820000,5.491000891,21588309.33,4654005.745
5262,52,5565,767.8368101,665.723185,23330000,4.138001204,26258429,6900357.217
5053,32,3691,767.1025534,727.0218056,25680000,5.463999271,26389528.83,8273363.897
2615,47,2567,553.5398883,623.1222503,19730000,3.771000147,18986147.71,4188745.614
1168,33,866,78.90929525,117.3159644,3789000,4.086001873,28937410.67,1037662.647
3940,49,4013,779.8015658,727.2686077,23740000,4.781000853,21605605.25,6601698.872
4089,59,4678,774.7520416,659.6387947,22320000,4.363000154,20649448.35,6332196.849
1463,52,1542,396.0399529,179.0151384,10670000,3.568000317,16956344.67,2127424.995
3880,49,3947,775.2668706,721.134034,28300000,5.052998781,22842743.88,6396467.277
810,54,878,188.0825954,140.1447193,6234000,3.855998993,5233859.813,1516037.498
1367,37,1122,202.6939037,143.8160601,6311000,4.735000134,37508526.67,2187612.815
2202,39,1883,501.4967934,270.5264458,10820000,3.648998737,15215610.41,2390848.569
2581,35,2047,510.953732,386.642924,10800000,5.194000959,42338844.62,4145836.01
1213,53,1316,245.8754006,279.4517897,9157000,3.96799922,16079427.08,2233150.01
3983,38,3353,779.1102842,694.4364447,29610000,5.211001158,27241188,6394774.293
2307,55,2529,435.5621784,505.3245098,16310000,4.037001133,18181035.5,4152168.67
2886,41,2565,747.7462663,618.4007604,21730000,4.447002172,21853425.33,5401343.204
2714,59,3124,469.3132859,567.7249074,16510000,3.927999973,31326106,4649931.003
4486,43,4146,769.2825771,661.9616926,23700000,5.310998678,26956772.12,7067889.185
1103,56,1250,396.459146,184.5836849,10360000,3.999001026,15963822.08,2286135.93
4430,59,5105,773.4800815,618.4274715,20190000,4.061002016,33048882,5314152.341
4159,52,4401,783.619977,682.5779928,25040000,5.242000103,16942518,5046301.19
4224,59,4841,776.1191771,628.6830621,20810000,4.382999182,25467602.5,5709816.999
5182,37,4265,769.6634309,752.683069,26190000,6.065002203,26231657.33,6952397.496
4005,45,3827,776.1157889,686.3417564,33610000,5.250999451,19494501.07,6946991.93
4973,39,4274,767.0398496,721.7471445,29930000,5.76099968,16747991.88,7441626.479
1732,45,1663,310.6352485,254.1382049,10770000,5.338000059,23261480,3067523.527
4304,50,4424,771.4383116,682.9126132,27210000,4.820000172,19118073.58,6593867.27
2391,35,1874,350.149562,293.8221975,10710000,4.751001358,26050570.25,2996053.354
2967,52,3159,754.0906957,496.4494036,18710000,4.367000818,17633000.29,5676653.007
1870,33,1385,222.6916648,168.6687198,6507000,5.453002214,24690665.61,1820898.385
2846,54,3092,548.6213086,652.5058001,21220000,4.647001028,17351359.63,4617504.656
2766,36,2240,767.7567712,481.7446686,19400000,4.525000095,20427592,3761775.03
1147,33,861,190.7682408,117.7973147,5179000,4.445000649,26142301.33,1432499.551
1040,38,881,64.71870684,79.15642124,2786000,2.413001061,2625838.417,501626.8368
1919,39,1637,486.9704185,259.4514544,11250000,4.881999731,24832315.22,2752344.643
3331,54,3617,761.5653709,547.3596317,19750000,4.26599884,40567392,5596065.804
2202,47,2188,465.0458819,416.0074092,15620000,4.693001032,16782197.08,3457991.973
1562,49,1582,415.0430696,248.3908641,11690000,4.562998772,21702885.33,2487364.166
1913,43,1765,340.0468302,284.8257006,10680000,4.992998838,24280327.56,3180746.152
3139,52,3328,778.184324,638.4665707,20570000,4.35800004,20216565.42,5350076.093
4234,52,4505,780.7653671,684.4806194,24120000,4.099001885,25325798.67,5420709.124
4614,59,5297,715.4723745,516.7934002,19200000,4.375999928,19882264.29,5468083.715
5067,58,5746,765.7248184,491.3278648,20480000,4.446000099,17663452.42,5383071.74
653,38,549,27.58652054,47.73800382,1504000,1.865998745,26428882.67,431029.267
4157,38,3499,777.7144183,720.6382165,29800000,5.342001438,29742160,6624837.305
5366,59,6141,642.6012225,380.009779,18140000,4.120002031,22139924,7515081.396
2948,30,2064,652.2431661,200.6646112,13780000,5.42799902,25112976,3634904.27
4140,40,3631,772.2065364,711.2520529,32520000,5.280998945,221880138.7,49410937.88
4542,60,5251,771.8550482,533.1343846,19470000,4.617000103,19637219.33,4740051.786
1493,58,1701,502.404778,340.6451672,13040000,3.902000904,15438429.17,2739159.408
3351,30,2315,721.7466182,379.6035294,17450000,5.637000799,20097969.85,4794109.698
4737,50,4901,770.4662029,657.7467755,23280000,4.431000233,24282568.54,5109893.361
875,56,957,166.8661131,146.2226606,7120000,3.447999954,18077628.32,1937775.661
2953,37,2424,704.0702157,505.0987819,19620000,4.263000965,24949703,4505625.252
3960,47,3889,770.1292757,687.1036404,27480000,4.671998978,18669073.42,5767214.751
3585,58,4054,764.2929441,529.2416027,21380000,4.321000814,24687316.67,5977643.921
2443,55,2664,748.6669397,234.4136976,15590000,3.940999746,19637617.67,4368661
5088,60,5889,766.6690379,542.5937513,21000000,3.910000086,26338594.92,6043852.764
563,32,401,29.56077957,14.24952726,1147000,2.4880023,20091530.67,571696.0558
3014,40,2648,780.6445143,635.5540525,21540000,4.827999115,21862457.33,5138077.374
1654,58,1881,379.843622,339.1018813,12220000,4.412000895,15407243.75,3098677.11
3486,37,2889,783.1305715,669.817574,24140000,4.617999792,19598551.4,5804620.992
3101,45,2979,761.6902758,643.6324393,22970000,4.236998797,23446024.37,5744429.286
3434,42,3092,773.6508427,635.8329866,23600000,4.25500083,18794809.33,5123365.837
2403,40,2093,455.0459263,318.9318069,13130000,4.416999102,23465323.71,3612244.039
845,34,645,78.70304354,47.23245197,2539000,3.00699997,2842162.083,485879.4116
2154,48,2179,485.4752159,388.7382372,14270000,3.234998941,17982801.75,2846523.646
5370,39,4606,574.3037383,422.013495,18270000,6.306001425,29639959.33,8143443.112
2855,51,2983,772.9293704,631.1848557,19940000,4.626000881,20594470,5429783.497
1078,46,1039,207.4412931,103.5513528,5647000,3.568999767,18398915.19,1354280.515
1888,44,1800,318.8668986,282.4794821,10730000,3.959001064,23110312.04,2367112.173
4326,60,5008,759.4099158,567.2097184,20640000,4.710002184,30209234.67,5866130.692
3781,34,2906,742.594767,620.1711399,21890000,4.790999889,20144486.83,4933273.759
5188,31,3693,769.5840982,726.2082156,29610000,5.893999338,15005156.5,7065427.09
4559,42,4135,782.2505123,714.2825078,31740000,5.126000166,18662499,6341405.714
992,47,979,232.9002051,85.31672473,5305000,3.18599987,23551010.29,1183106.715
1473,57,1639,405.3309834,297.6132877,11780000,4.0870018,17838601.67,2462609.811
4138,35,3235,778.9675618,691.2102514,25340000,5.353000164,25658572.92,6374420.161
2010,35,1590,389.4211223,209.0168171,10010000,4.745998859,22038510.67,2750491.756
4499,46,4371,774.2325139,670.6079939,23350000,4.676002026,23151778.67,6371081.715
5308,46,5160,770.3634617,680.8838582,27890000,4.92500186,24548978.67,6968648.077
3156,58,3582,738.0584257,425.2683335,17560000,4.183999062,19400732.79,4962846.772
2726,52,2895,674.5510763,470.8201588,18570000,4.529999971,24501265,4616142.191
4964,50,5112,771.123984,691.3047335,23310000,4.702001095,17980088,5948824.986
3764,58,4245,774.8515304,583.5501985,19190000,4.162001133,16005796.79,5417149.312
2036,45,1942,331.8006409,285.4161295,10590000,4.109000206,23633688.52,2597587.962
1463,36,1182,183.2531093,156.1451086,6241000,4.346000195,24891548.04,2412313.616
5342,52,5656,766.9764207,656.0442761,24080000,4.39199996,41373115.33,7550066.455
5242,34,4024,767.4786873,710.9835768,24460000,5.306000233,24412213.33,7825797.314
1773,42,1607,291.0755103,248.8546988,8912000,3.925000906,20890427.03,2242974.775
3900,45,3747,771.0441103,695.528687,31010000,5.034000158,22113778.29,6564300.449
1492,53,1617,421.5950412,324.307629,12580000,3.873000145,16205130.33,2757189.821
2358,39,2014,487.8041482,256.348638,11490000,4.359001875,25311115.71,3796129.644
1520,44,1433,233.0248798,186.0741135,8389000,4.421000004,16657743,2608264.382
5020,32,3673,769.3318963,664.6382894,24330000,5.699999571,23723845.33,8357787.933
1091,56,1233,355.6489006,152.5161982,8058000,4.141998768,15624170.76,1780881.212
4746,51,4961,776.1550163,743.6329681,27750000,5.185997963,24466114,7518086.393
4798,36,3867,772.8949239,732.8750023,26560000,5.31199789,22740043.58,6249216.303
1287,59,1478,312.7773108,297.4831486,10290000,4.258998871,19864788.67,2797779.582
1132,52,1217,265.0808467,208.5192618,8241000,3.663002014,15603497.94,1922499.226
5314,49,5400,763.0695763,644.9134443,23010000,4.534001112,35599668,7147801.691
1242,49,1262,222.8079785,296.9906,10320000,4.070999861,18163181.72,3004961.067
2766,43,2555,659.1970741,572.566471,20360000,4.007999897,22607560,4853313.279
1290,34,1000,257.0874146,77.32537967,5346000,4.213999748,23035511.31,1394135.714
4637,57,5206,769.7760383,480.539547,18770000,4.462001085,22289727,5574153.37
3396,34,2602,773.0919615,620.6425785,22280000,4.976999044,20963032.54,6070638.663
3374,54,3679,776.9751727,650.2057336,21390000,4.611999273,25393429.5,5382339.786
1393,55,1517,270.6188046,150.9584417,7942000,4.080000877,16782260.79,2010661.868
3634,32,2644,772.103938,544.2350685,22570000,5.908999681,21661110.5,5596578.412
3506,57,3975,770.4045996,602.3943822,20770000,4.509998083,26143210.72,5310894.393
4036,43,3737,785.0488379,719.1787727,34630000,4.791000843,20502802,7410978.441
521,57,578,93.72073611,82.67576846,3755000,3.038999796,12709376,615157.8945
4683,53,5028,771.2712658,682.3894529,24390000,4.388000011,21818688,6144477.437
832,53,884,250.6460527,122.729713,6459000,4.195001125,16869843.04,2323203.888
1733,44,1639,502.9268759,205.0597704,11080000,3.633001089,22507928.92,2129732.844
2094,51,2187,440.6103075,457.9702243,15450000,4.385000229,19239673.42,3106856.952
5198,31,3701,769.6489866,703.6014456,36020000,6.096999168,23647702.17,8460123.365
1591,53,1703,526.1236078,404.6080378,13470000,3.999000073,16441655,2922225.461
3959,50,4090,774.6226849,679.1235822,24390000,5.080001116,24235498.67,6237265.554
2387,39,2028,448.7433239,358.3119617,13570000,4.636000872,25577909.37,3238293.459
1881,40,1670,260.9902255,180.0323736,7490000,3.362000227,25923758.73,2061806.571
4182,40,3662,782.0040899,695.0350724,29120000,5.31699872,19528337.33,6023914.41
3578,30,2480,781.1707782,466.2911705,20050000,6.010998726,19912815.08,5116000.742
4147,43,3836,775.3554674,730.0970715,34850000,5.111001015,25577608.67,7696021.171
5048,39,4330,762.3449177,736.5825197,31280000,5.694001436,17191530.5,7732340.533
1814,43,1655,314.0458827,237.8511418,9499000,4.213001967,24198437.27,2187374.29
3912,44,3701,782.2336178,721.8031432,28910000,4.740999222,22402758.07,7302372.074
1526,53,1653,377.6106864,234.7278016,10020000,4.728000164,17452683.5,2292903.561
3164,31,2257,756.2093374,472.6288599,19510000,5.696000576,22661614.17,4486501.906
1524,39,1299,268.9671706,151.3371269,7036000,4.184000254,24843684.67,1847122.601
4874,50,5033,770.4878154,659.2972508,22330000,5.154999018,30288633.33,6918292.449
3950,40,3465,774.6258915,690.8719678,31320000,5.758997679,19334841.54,6062569.505
4791,40,4185,777.9739147,693.2347392,25460000,5.083999634,24448749.33,7161055.419
3501,38,2950,779.2501607,669.681729,26260000,5.080997706,36816800,6152398.417
1652,51,1714,333.0858487,227.2422137,12020000,3.845001936,17133380.28,2500623.088
2033,60,2355,500.4792502,422.3142503,14330000,4.091998816,18732591.67,3590513.946
2958,56,3294,726.1284464,544.7427549,19490000,3.994999886,19195307.5,4824270.497
1632,45,1558,268.0703518,224.144843,8686000,3.333002091,22447592.78,2517399.704
4113,50,4222,765.0838608,712.8414626,27380000,5.363999844,16668298.25,6041028.285
992,35,782,87.72230257,84.93115711,3171000,3.800000191,24154501.33,924744.7402
4501,33,3378,780.6951432,675.5217943,34100000,5.874998808,23181457.71,7586565.501
1725,41,1544,282.148389,257.6515158,9195000,4.297998905,26338277.33,2519438.656
3976,59,4555,774.2408871,590.0210591,18850000,3.499000311,16758176,5158223.975
3632,56,4038,754.8192916,571.5343609,20810000,4.213001013,18197453.38,5361491.058
5133,44,4832,767.3113195,686.2066779,23740000,5.239999771,31061917.33,6755454.648
1143,31,814,99.9893155,65.01191354,2989000,3.541002274,17558488,983166.0283
1848,40,1621,289.2527794,197.7080079,8313000,4.656999827,24800589.33,2179544.984
2727,40,2371,471.8909463,518.2720709,16060000,4.142000914,26606926.75,3941571.368
4967,37,4088,763.5976123,674.4841637,25870000,5.182999134,38655302.67,7981059.427
1661,52,1764,452.4007693,311.0187221,13040000,4.77200079,16686956.35,3501923.509
4089,44,3841,779.0842124,772.0947956,33690000,4.928998709,25378872.83,6822515.688
1377,54,1499,423.1703525,309.7235544,12550000,4.498001814,17280229.75,2794265.731
3562,36,2859,780.0065635,743.4751523,24840000,4.874000311,22622374.33,5943974.383
3544,37,2897,686.9735653,690.6368105,24770000,4.986001015,20204575.95,5761927.223
4226,48,4261,782.6315661,701.5393748,31400000,4.843998671,19616263.33,7146718.226
3831,50,3951,773.3625949,675.5278926,22440000,4.871001005,17225578.92,5709824.779
1512,36,1223,264.0624406,104.432319,6637000,4.878000736,25064109.33,1581117.931
5294,56,5882,774.937017,631.7059031,22020000,4.482999086,24047643.83,6256840.645
3002,30,2065,517.7523926,263.3506446,11890000,4.008002281,23657255.75,2961075.66
1363,45,1292,318.3281192,105.4345175,6985000,3.775999069,22803104,2080236.516
5369,41,4784,775.2085581,770.6548984,26890000,6.094998837,17955732,7114162.041
3168,41,2826,783.2568871,679.5853918,23910000,4.381001949,19342926.53,5341088.334
